category,img_size,feature_choice,patch_grid,patch_top_fraction,threshold,auroc,accuracy,normal_recall,anomaly_recall,macro_f1
grid,224,last1,8,0.01,0.0269312784075737,0.5680868838763575,0.3076923076923077,0.9047619047619048,0.08771929824561403,0.2846467391304348
grid,224,last1,8,0.03,0.020707860589027405,0.5806182121971596,0.3717948717948718,0.8095238095238095,0.21052631578947367,0.36920283875226934
grid,224,last1,8,0.05,0.016898415982723236,0.609857978279031,0.48717948717948717,0.8095238095238095,0.3684210526315789,0.4858272907053395
grid,224,last1,8,0.1,0.014801453799009323,0.6240601503759399,0.47435897435897434,0.8095238095238095,0.3508771929824561,0.47358024691358025
grid,224,last1,14,0.01,0.024681907147169113,0.5839598997493733,0.3717948717948718,0.9047619047619048,0.17543859649122806,0.36331834082958525
grid,224,last1,14,0.03,0.0187046118080616,0.6040100250626566,0.46153846153846156,0.8095238095238095,0.3333333333333333,0.46118421052631575
grid,224,last1,14,0.05,0.015883376821875572,0.617376775271512,0.5256410256410257,0.8095238095238095,0.42105263157894735,0.5217895608947805
grid,224,last1,14,0.1,0.014367789030075073,0.6274018379281537,0.5,0.8095238095238095,0.38596491228070173,0.49793695329262255
grid,224,last1,20,0.01,0.03035472333431244,0.6240601503759399,0.3333333333333333,0.9523809523809523,0.10526315789473684,0.31114130434782605
grid,224,last1,20,0.03,0.021035775542259216,0.6148705096073517,0.3974358974358974,0.8095238095238095,0.24561403508771928,0.39654320987654323
grid,224,last1,20,0.05,0.017833523452281952,0.6374269005847952,0.44871794871794873,0.7619047619047619,0.3333333333333333,0.4479012345679012
grid,224,last1,20,0.1,0.015274235978722572,0.6365914786967419,0.47435897435897434,0.7619047619047619,0.3684210526315789,0.4721901303845519
grid,224,last2,8,0.01,0.04538314417004585,0.6432748538011696,0.38461538461538464,0.9523809523809523,0.17543859649122806,0.37433155080213903
grid,224,last2,8,0.03,0.037955280393362045,0.6791979949874687,0.4358974358974359,0.9047619047619048,0.2631578947368421,0.43441001977587346
grid,224,last2,8,0.05,0.030850473791360855,0.7042606516290727,0.48717948717948717,0.9047619047619048,0.3333333333333333,0.48717948717948717
grid,224,last2,8,0.1,0.027106638997793198,0.7084377610693401,0.5256410256410257,0.9047619047619048,0.38596491228070173,0.5249382716049382
grid,224,last2,14,0.01,0.04497210308909416,0.658312447786132,0.47435897435897434,0.9523809523809523,0.2982456140350877,0.47358024691358025
grid,224,last2,14,0.03,0.036308325827121735,0.6791979949874687,0.5256410256410257,0.9047619047619048,0.38596491228070173,0.5249382716049382
grid,224,last2,14,0.05,0.03275062143802643,0.6883876357560568,0.5256410256410257,0.9047619047619048,0.38596491228070173,0.5249382716049382
grid,224,last2,14,0.1,0.02754700742661953,0.6984126984126985,0.5256410256410257,0.9047619047619048,0.38596491228070173,0.5249382716049382
grid,224,last2,20,0.01,0.04987772926688194,0.6758563074352548,0.46153846153846156,0.9523809523809523,0.2807017543859649,0.46011865524060647
grid,224,last2,20,0.03,0.038098350167274475,0.6984126984126984,0.5384615384615384,0.9047619047619048,0.40350877192982454,0.5372445616348056
grid,224,last2,20,0.05,0.0336386077105999,0.706766917293233,0.5512820512820513,0.9047619047619048,0.42105263157894735,0.5494305991087638
grid,224,last2,20,0.1,0.028317218646407127,0.6950710108604846,0.5897435897435898,0.9047619047619048,0.47368421052631576,0.5853820598006645
grid,224,last3,8,0.01,0.05248995125293732,0.6098579782790309,0.358974358974359,1.0,0.12280701754385964,0.3376358695652174
grid,224,last3,8,0.03,0.04211020469665527,0.6675020885547202,0.3974358974358974,0.9047619047619048,0.21052631578947367,0.3925434962717481
grid,224,last3,8,0.05,0.033975426107645035,0.6892230576441103,0.47435897435897434,0.9047619047619048,0.3157894736842105,0.47427256288015784
grid,224,last3,8,0.1,0.029177440330386162,0.6967418546365916,0.48717948717948717,0.9047619047619048,0.3333333333333333,0.48717948717948717
grid,224,last3,14,0.01,0.0443643257021904,0.6357560568086884,0.41025641025641024,0.9047619047619048,0.22807017543859648,0.40674603174603174
grid,224,last3,14,0.03,0.03464251384139061,0.659983291562239,0.5128205128205128,0.8571428571428571,0.38596491228070173,0.5115359261700725
grid,224,last3,14,0.05,0.03148946166038513,0.6741854636591479,0.5128205128205128,0.8571428571428571,0.38596491228070173,0.5115359261700725
grid,224,last3,14,0.1,0.02820146642625332,0.6908939014202172,0.5,0.8571428571428571,0.3684210526315789,0.49925925925925924
grid,224,last3,20,0.01,0.05310417339205742,0.6733500417710944,0.3717948717948718,0.9523809523809523,0.15789473684210525,0.3590474593325507
grid,224,last3,20,0.03,0.039126358926296234,0.6833751044277361,0.5,0.8571428571428571,0.3684210526315789,0.49925925925925924
grid,224,last3,20,0.05,0.03483833000063896,0.697577276524645,0.5,0.8571428571428571,0.3684210526315789,0.49925925925925924
grid,224,last3,20,0.1,0.02889903634786606,0.6892230576441103,0.5256410256410257,0.8571428571428571,0.40350877192982454,0.5236837762006932
grid,384,last1,8,0.01,0.0632622167468071,0.8337510442773601,0.5,1.0,0.3157894736842105,0.49925925925925924
grid,384,last1,8,0.03,0.04023066163063049,0.8462823725981621,0.5512820512820513,1.0,0.38596491228070173,0.5512082853855005
grid,384,last1,8,0.05,0.02936665341258049,0.8312447786131997,0.6025641025641025,0.9523809523809523,0.47368421052631576,0.5993371996685999
grid,384,last1,8,0.1,0.02517985738813877,0.8003341687552215,0.5769230769230769,0.9523809523809523,0.43859649122807015,0.5751774220168344
grid,384,last1,14,0.01,0.077246755361557,0.7610693400167085,0.48717948717948717,1.0,0.2982456140350877,0.4858272907053395
grid,384,last1,14,0.03,0.043855227530002594,0.7769423558897244,0.5769230769230769,0.9047619047619048,0.45614035087719296,0.5734879867439934
grid,384,last1,14,0.05,0.03547344356775284,0.772765246449457,0.6282051282051282,0.8571428571428571,0.543859649122807,0.6175824175824176
grid,384,last1,14,0.1,0.02908460423350334,0.7552213868003341,0.5897435897435898,0.8571428571428571,0.49122807017543857,0.5828877005347594
grid,384,last1,20,0.01,0.07060573250055313,0.7761069340016709,0.5128205128205128,1.0,0.3333333333333333,0.5125
grid,384,last1,20,0.03,0.04067898914217949,0.7994987468671679,0.6025641025641025,0.9047619047619048,0.49122807017543857,0.5972013993003498
grid,384,last1,20,0.05,0.03488113358616829,0.7961570593149541,0.5897435897435898,0.8571428571428571,0.49122807017543857,0.5828877005347594
grid,384,last1,20,0.1,0.028961461037397385,0.7677527151211362,0.5769230769230769,0.8571428571428571,0.47368421052631576,0.5712143928035982
grid,384,last2,8,0.01,0.05516337603330612,0.8771929824561404,0.6282051282051282,1.0,0.49122807017543857,0.6251864125932063
grid,384,last2,8,0.03,0.04713854938745499,0.8663324979114453,0.6538461538461539,0.9523809523809523,0.543859649122807,0.6468220694281401
grid,384,last2,8,0.05,0.04351092129945755,0.8638262322472849,0.6153846153846154,0.9523809523809523,0.49122807017543857,0.6112956810631229
grid,384,last2,8,0.1,0.03906920552253723,0.8504594820384295,0.5769230769230769,0.9523809523809523,0.43859649122807015,0.5751774220168344
grid,384,last2,14,0.01,0.08149015158414841,0.7861319966583125,0.5897435897435898,0.9523809523809523,0.45614035087719296,0.5873015873015873
grid,384,last2,14,0.03,0.06212320551276207,0.8070175438596492,0.6538461538461539,0.9523809523809523,0.543859649122807,0.6468220694281401
grid,384,last2,14,0.05,0.054523687809705734,0.8245614035087719,0.6538461538461539,0.9523809523809523,0.543859649122807,0.6468220694281401
grid,384,last2,14,0.1,0.04665626958012581,0.8011695906432749,0.6282051282051282,0.9047619047619048,0.5263157894736842,0.620660741237632
grid,384,last2,20,0.01,0.07816368341445923,0.8145363408521303,0.6025641025641025,1.0,0.45614035087719296,0.600924244924905
grid,384,last2,20,0.03,0.06236404553055763,0.8178780284043442,0.6153846153846154,1.0,0.47368421052631576,0.6130952380952381
grid,384,last2,20,0.05,0.05539632961153984,0.8103592314118631,0.5769230769230769,0.9047619047619048,0.45614035087719296,0.5734879867439934
grid,384,last2,20,0.1,0.047037459909915924,0.7777777777777778,0.6025641025641025,0.9047619047619048,0.49122807017543857,0.5972013993003498
grid,384,last3,8,0.01,0.049068473279476166,0.8847117794486216,0.6666666666666666,0.9523809523809523,0.5614035087719298,0.6585858585858586
grid,384,last3,8,0.03,0.04558796063065529,0.8688387635756056,0.6282051282051282,0.9523809523809523,0.5087719298245614,0.6231884057971014
grid,384,last3,8,0.05,0.04157742112874985,0.8579782790309106,0.6153846153846154,0.9523809523809523,0.49122807017543857,0.6112956810631229
grid,384,last3,8,0.1,0.03907489776611328,0.8596491228070176,0.5769230769230769,0.9523809523809523,0.43859649122807015,0.5751774220168344
grid,384,last3,14,0.01,0.08490568399429321,0.7360066833751044,0.5128205128205128,0.9523809523809523,0.3508771929824561,0.5128205128205128
grid,384,last3,14,0.03,0.06547723710536957,0.7644110275689222,0.6025641025641025,0.9523809523809523,0.47368421052631576,0.5993371996685999
grid,384,last3,14,0.05,0.058423738926649094,0.7827903091060986,0.5897435897435898,0.9523809523809523,0.45614035087719296,0.5873015873015873
grid,384,last3,14,0.1,0.05058354511857033,0.7719298245614035,0.5256410256410257,0.9523809523809523,0.3684210526315789,0.5255630445503863
grid,384,last3,20,0.01,0.07195333391427994,0.7535505430242273,0.6025641025641025,0.8095238095238095,0.5263157894736842,0.5912087912087912
grid,384,last3,20,0.03,0.06047512963414192,0.7786131996658312,0.6153846153846154,0.9047619047619048,0.5087719298245614,0.6089572192513368
grid,384,last3,20,0.05,0.05570216476917267,0.7752715121136174,0.6025641025641025,0.9047619047619048,0.49122807017543857,0.5972013993003498
grid,384,last3,20,0.1,0.0492507740855217,0.77109440267335,0.5769230769230769,0.9523809523809523,0.43859649122807015,0.5751774220168344
grid,512,last1,8,0.01,0.047043439000844955,0.7953216374269007,0.5512820512820513,1.0,0.38596491228070173,0.5512082853855005
grid,512,last1,8,0.03,0.039778608828783035,0.7986633249791145,0.5641025641025641,1.0,0.40350877192982454,0.5638157894736842
grid,512,last1,8,0.05,0.03048298880457878,0.7886382623224729,0.6153846153846154,0.9523809523809523,0.49122807017543857,0.6112956810631229
grid,512,last1,8,0.1,0.025144565850496292,0.7685881370091896,0.5897435897435898,0.8095238095238095,0.5087719298245614,0.5797979797979798
grid,512,last1,14,0.01,0.0961870327591896,0.7293233082706767,0.5128205128205128,1.0,0.3333333333333333,0.5125
grid,512,last1,14,0.03,0.058063097298145294,0.7710944026733502,0.5769230769230769,0.9523809523809523,0.43859649122807015,0.5751774220168344
grid,512,last1,14,0.05,0.047398991882801056,0.7736006683375105,0.6282051282051282,0.9523809523809523,0.5087719298245614,0.6231884057971014
grid,512,last1,14,0.1,0.03667056933045387,0.7593984962406015,0.5641025641025641,0.8095238095238095,0.47368421052631576,0.5568181818181819
grid,512,last1,20,0.01,0.08816612511873245,0.7736006683375104,0.5769230769230769,1.0,0.42105263157894735,0.5762962962962963
grid,512,last1,20,0.03,0.05727308243513107,0.8011695906432749,0.6538461538461539,1.0,0.5263157894736842,0.6491754122938531
grid,512,last1,20,0.05,0.04753194376826286,0.7978279030910611,0.6410256410256411,0.9047619047619048,0.543859649122807,0.6323232323232324
grid,512,last1,20,0.1,0.036697980016469955,0.7685881370091896,0.6153846153846154,0.8571428571428571,0.5263157894736842,0.606060606060606
grid,512,last2,8,0.01,0.04692753404378891,0.8922305764411028,0.7051282051282052,1.0,0.5964912280701754,0.6967032967032967
grid,512,last2,8,0.03,0.03777235001325607,0.8897243107769424,0.782051282051282,1.0,0.7017543859649122,0.7683033374104491
grid,512,last2,8,0.05,0.031877804547548294,0.8930659983291562,0.7564102564102564,0.8571428571428571,0.7192982456140351,0.7332133213321332
grid,512,last2,8,0.1,0.029225198552012444,0.8705096073517127,0.717948717948718,0.8571428571428571,0.6666666666666666,0.6980999296270232
grid,512,last2,14,0.01,0.09022309631109238,0.7861319966583125,0.6153846153846154,0.9047619047619048,0.5087719298245614,0.6089572192513368
grid,512,last2,14,0.03,0.06406181305646896,0.8629908103592314,0.7692307692307693,0.8571428571428571,0.7368421052631579,0.7450980392156863
grid,512,last2,14,0.05,0.05505004897713661,0.8696741854636593,0.7948717948717948,0.8095238095238095,0.7894736842105263,0.7645283018867925
grid,512,last2,14,0.1,0.04613567888736725,0.8429406850459482,0.7051282051282052,0.7619047619047619,0.6842105263157895,0.677047704770477
grid,512,last2,20,0.01,0.09436241537332535,0.8379281537176275,0.6410256410256411,1.0,0.5087719298245614,0.6372093023255814
grid,512,last2,20,0.03,0.06697777658700943,0.8813700918964077,0.7435897435897436,0.9047619047619048,0.6842105263157895,0.7255453905700211
grid,512,last2,20,0.05,0.059047576040029526,0.87468671679198,0.7307692307692307,0.8571428571428571,0.6842105263157895,0.7097288676236044
grid,512,last2,20,0.1,0.048597343266010284,0.8588137009189641,0.717948717948718,0.8095238095238095,0.6842105263157895,0.6935714285714285
grid,512,last3,8,0.01,0.039160966873168945,0.9064327485380117,0.782051282051282,1.0,0.7017543859649122,0.7683033374104491
grid,512,last3,8,0.03,0.03395654633641243,0.9139515455304928,0.782051282051282,0.8571428571428571,0.7543859649122807,0.7570983696647737
grid,512,last3,8,0.05,0.030762892216444016,0.9114452798663326,0.782051282051282,0.8095238095238095,0.7719298245614035,0.7523809523809524
grid,512,last3,8,0.1,0.02883722446858883,0.8863826232247285,0.7692307692307693,0.8095238095238095,0.7543859649122807,0.7403846153846154
grid,512,last3,14,0.01,0.08609473705291748,0.8345864661654134,0.6025641025641025,0.9047619047619048,0.49122807017543857,0.5972013993003498
grid,512,last3,14,0.03,0.061373140662908554,0.8780284043441938,0.7692307692307693,0.8095238095238095,0.7543859649122807,0.7403846153846154
grid,512,last3,14,0.05,0.0546453632414341,0.8805346700083543,0.782051282051282,0.8095238095238095,0.7719298245614035,0.7523809523809524
grid,512,last3,14,0.1,0.04829931631684303,0.8479532163742689,0.6666666666666666,0.8095238095238095,0.6140350877192983,0.6479166666666667
grid,512,last3,20,0.01,0.08828690648078918,0.8721804511278195,0.6666666666666666,0.9523809523809523,0.5614035087719298,0.6585858585858586
grid,512,last3,20,0.03,0.06538404524326324,0.9147869674185463,0.8205128205128205,0.8571428571428571,0.8070175438596491,0.7939622641509434
grid,512,last3,20,0.05,0.05829479917883873,0.8964076858813701,0.782051282051282,0.7619047619047619,0.7894736842105263,0.7470913599084493
grid,512,last3,20,0.1,0.051214549690485,0.8646616541353384,0.6666666666666666,0.8095238095238095,0.6140350877192983,0.6479166666666667
carpet,224,last1,8,0.01,0.017676079645752907,0.896067415730337,0.8205128205128205,0.8928571428571429,0.797752808988764,0.7876954981422275
carpet,224,last1,8,0.03,0.014499799348413944,0.9008828250401284,0.8034188034188035,0.8214285714285714,0.797752808988764,0.7636363636363637
carpet,224,last1,8,0.05,0.011226054280996323,0.9052969502407705,0.7948717948717948,0.75,0.8089887640449438,0.7467532467532467
carpet,224,last1,8,0.1,0.00906029250472784,0.8964686998394863,0.7777777777777778,0.5714285714285714,0.8426966292134831,0.7019984326018809
carpet,224,last1,14,0.01,0.019839702174067497,0.9189406099518459,0.8632478632478633,0.9642857142857143,0.8314606741573034,0.8369337979094077
carpet,224,last1,14,0.03,0.013914128765463829,0.9217495987158908,0.8717948717948718,0.8928571428571429,0.8651685393258427,0.8402366863905326
carpet,224,last1,14,0.05,0.0114608658477664,0.9185393258426966,0.8376068376068376,0.75,0.8651685393258427,0.7893490002842793
carpet,224,last1,14,0.1,0.008959967643022537,0.9048956661316211,0.7948717948717948,0.6071428571428571,0.8539325842696629,0.7249216300940439
carpet,224,last1,20,0.01,0.023656070232391357,0.9305778491171749,0.8461538461538461,0.9642857142857143,0.8089887640449438,0.8194444444444444
carpet,224,last1,20,0.03,0.01588946022093296,0.9357945425361156,0.8547008547008547,0.9285714285714286,0.8314606741573034,0.825296442687747
carpet,224,last1,20,0.05,0.012965341098606586,0.9269662921348314,0.8205128205128205,0.7857142857142857,0.8314606741573034,0.7763313609467456
carpet,224,last1,20,0.1,0.009956501424312592,0.9101123595505618,0.811965811965812,0.7142857142857143,0.8426966292134831,0.7586271567891973
carpet,224,last2,8,0.01,0.030026674270629883,0.8920545746388442,0.811965811965812,0.8571428571428571,0.797752808988764,0.7757839721254356
carpet,224,last2,8,0.03,0.023945560678839684,0.891653290529695,0.7863247863247863,0.75,0.797752808988764,0.738582536419698
carpet,224,last2,8,0.05,0.019374828785657883,0.8920545746388443,0.7777777777777778,0.6428571428571429,0.8202247191011236,0.7147411852963241
carpet,224,last2,8,0.1,0.016100000590085983,0.8856340288924558,0.7606837606837606,0.5,0.8426966292134831,0.6713483146067416
carpet,224,last2,14,0.01,0.026353012770414352,0.920545746388443,0.8290598290598291,0.75,0.8539325842696629,0.780570142535634
carpet,224,last2,14,0.03,0.02085922844707966,0.9173354735152488,0.8034188034188035,0.6071428571428571,0.8651685393258427,0.7332738626226583
carpet,224,last2,14,0.05,0.018434200435876846,0.9101123595505618,0.7948717948717948,0.5357142857142857,0.8764044943820225,0.7111111111111111
carpet,224,last2,14,0.1,0.015436407178640366,0.9012841091492777,0.7777777777777778,0.5,0.8651685393258427,0.687037037037037
carpet,224,last2,20,0.01,0.02828710526227951,0.9365971107544141,0.8376068376068376,0.7142857142857143,0.8764044943820225,0.7846973365617433
carpet,224,last2,20,0.03,0.022260818630456924,0.9221508828250401,0.8205128205128205,0.6785714285714286,0.8651685393258427,0.7620338983050847
carpet,224,last2,20,0.05,0.019634904339909554,0.9125200642054574,0.7948717948717948,0.5357142857142857,0.8764044943820225,0.7111111111111111
carpet,224,last2,20,0.1,0.01610564813017845,0.8992776886035312,0.7863247863247863,0.5,0.8764044943820225,0.6950901699155634
carpet,224,last3,8,0.01,0.03204163536429405,0.8475120385232745,0.7777777777777778,0.9642857142857143,0.7191011235955056,0.7530844155844156
carpet,224,last3,8,0.03,0.02631247229874134,0.8523274478330658,0.7777777777777778,0.8571428571428571,0.7528089887640449,0.7430743243243243
carpet,224,last3,8,0.05,0.02140202187001705,0.8471107544141253,0.7606837606837606,0.7857142857142857,0.7528089887640449,0.7191358024691359
carpet,224,last3,8,0.1,0.017765792086720467,0.8426966292134832,0.7264957264957265,0.5714285714285714,0.7752808988764045,0.6558823529411765
carpet,224,last3,14,0.01,0.030265437439084053,0.8796147672552167,0.8034188034188035,0.9285714285714286,0.7640449438202247,0.7743396226415095
carpet,224,last3,14,0.03,0.023831447586417198,0.8852327447833066,0.7777777777777778,0.8214285714285714,0.7640449438202247,0.7391975308641975
carpet,224,last3,14,0.05,0.020584415644407272,0.8808186195826645,0.7692307692307693,0.75,0.7752808988764045,0.7225296442687748
carpet,224,last3,14,0.1,0.01666394993662834,0.8711878009630818,0.7435897435897436,0.5357142857142857,0.8089887640449438,0.6637931034482758
carpet,224,last3,20,0.01,0.03117254376411438,0.9036918138041734,0.811965811965812,0.9285714285714286,0.7752808988764045,0.7826013513513514
carpet,224,last3,20,0.03,0.02426019310951233,0.8964686998394864,0.7777777777777778,0.75,0.7865168539325843,0.7305102763997166
carpet,224,last3,20,0.05,0.021266207098960876,0.8896468699839487,0.7777777777777778,0.7142857142857143,0.797752808988764,0.7256493506493507
carpet,224,last3,20,0.1,0.017467118799686432,0.8739967897271267,0.7606837606837606,0.5714285714285714,0.8202247191011236,0.6862068965517241
carpet,384,last1,8,0.01,0.021560514345765114,0.9502407704654895,0.8803418803418803,0.9285714285714286,0.8651685393258427,0.8522727272727273
carpet,384,last1,8,0.03,0.01717815361917019,0.9518459069020866,0.8974358974358975,0.8928571428571429,0.898876404494382,0.8683420855213804
carpet,384,last1,8,0.05,0.013963311910629272,0.9462279293739968,0.8717948717948718,0.7857142857142857,0.898876404494382,0.8300242130750606
carpet,384,last1,8,0.1,0.011314155533909798,0.9390048154093097,0.8290598290598291,0.5714285714285714,0.9101123595505618,0.7527472527472527
carpet,384,last1,14,0.01,0.02701432630419731,0.9241573033707865,0.8974358974358975,0.9285714285714286,0.8876404494382022,0.8709558823529412
carpet,384,last1,14,0.03,0.02044830098748207,0.9353932584269662,0.8803418803418803,0.8571428571428571,0.8876404494382022,0.8463990997749438
carpet,384,last1,14,0.05,0.017885560169816017,0.9373996789727127,0.8461538461538461,0.7142857142857143,0.8876404494382022,0.7936912225705329
carpet,384,last1,14,0.1,0.014407897368073463,0.9390048154093098,0.8376068376068376,0.6428571428571429,0.898876404494382,0.7742001015744032
carpet,384,last1,20,0.01,0.02609403431415558,0.9594703049759229,0.8974358974358975,0.8928571428571429,0.898876404494382,0.8683420855213804
carpet,384,last1,20,0.03,0.020740509033203125,0.9562600321027287,0.8803418803418803,0.8571428571428571,0.8876404494382022,0.8463990997749438
carpet,384,last1,20,0.05,0.018207335844635963,0.9530497592295345,0.8717948717948718,0.8214285714285714,0.8876404494382022,0.8336965791717994
carpet,384,last1,20,0.1,0.0149441659450531,0.9498394863563403,0.8461538461538461,0.6785714285714286,0.898876404494382,0.7887239165329053
carpet,384,last2,8,0.01,0.029834745451807976,0.9558587479935795,0.8803418803418803,0.8214285714285714,0.898876404494382,0.8431034482758621
carpet,384,last2,8,0.03,0.023692861199378967,0.9454253611556982,0.8547008547008547,0.6428571428571429,0.9213483146067416,0.7926613155425831
carpet,384,last2,8,0.05,0.019488027319312096,0.9402086677367576,0.8632478632478633,0.5714285714285714,0.9550561797752809,0.7903225806451613
carpet,384,last2,8,0.1,0.01677333191037178,0.9273675762439807,0.8632478632478633,0.5357142857142857,0.9662921348314607,0.7835337650323775
carpet,384,last2,14,0.01,0.03735349699854851,0.9225521669341893,0.811965811965812,0.5714285714285714,0.8876404494382022,0.7351851851851852
carpet,384,last2,14,0.03,0.02923879586160183,0.9285714285714286,0.8376068376068376,0.5357142857142857,0.9325842696629213,0.7547710976282405
carpet,384,last2,14,0.05,0.026402074843645096,0.9241573033707864,0.8376068376068376,0.5357142857142857,0.9325842696629213,0.7547710976282405
carpet,384,last2,14,0.1,0.02303944155573845,0.9153290529695024,0.8290598290598291,0.5357142857142857,0.9213483146067416,0.7456521739130435
carpet,384,last2,20,0.01,0.04084676131606102,0.9574638844301765,0.905982905982906,0.9285714285714286,0.898876404494382,0.8805346700083542
carpet,384,last2,20,0.03,0.03137668967247009,0.9526484751203853,0.8632478632478633,0.6785714285714286,0.9213483146067416,0.8074074074074074
carpet,384,last2,20,0.05,0.02782360464334488,0.9474317817014447,0.8461538461538461,0.6071428571428571,0.9213483146067416,0.7774725274725275
carpet,384,last2,20,0.1,0.02346699871122837,0.9329855537720706,0.8290598290598291,0.5357142857142857,0.9213483146067416,0.7456521739130435
carpet,384,last3,8,0.01,0.025615394115447998,0.9430176565008025,0.8717948717948718,0.75,0.9101123595505618,0.8260481712756467
carpet,384,last3,8,0.03,0.021740389987826347,0.9369983948635634,0.8376068376068376,0.6071428571428571,0.9101123595505618,0.7682685291358282
carpet,384,last3,8,0.05,0.01863907091319561,0.9309791332263242,0.8547008547008547,0.5714285714285714,0.9438202247191011,0.780584666298952
carpet,384,last3,8,0.1,0.01749184913933277,0.9157303370786517,0.8290598290598291,0.5714285714285714,0.9101123595505618,0.7527472527472527
carpet,384,last3,14,0.01,0.03635136038064957,0.8980738362760835,0.7948717948717948,0.5357142857142857,0.8764044943820225,0.7111111111111111
carpet,384,last3,14,0.03,0.031010949984192848,0.9069020866773675,0.8290598290598291,0.6428571428571429,0.8876404494382022,0.7652487961476726
carpet,384,last3,14,0.05,0.027724770829081535,0.9032905296950241,0.8205128205128205,0.5714285714285714,0.898876404494382,0.7438757427290732
carpet,384,last3,14,0.1,0.02395092323422432,0.8900481540930979,0.7948717948717948,0.5714285714285714,0.8651685393258427,0.718298555377207
carpet,384,last3,20,0.01,0.03932575508952141,0.9490369181380416,0.8717948717948718,0.8214285714285714,0.8876404494382022,0.8336965791717994
carpet,384,last3,20,0.03,0.03031976707279682,0.9390048154093098,0.8632478632478633,0.6428571428571429,0.9325842696629213,0.8021978021978022
carpet,384,last3,20,0.05,0.027631409466266632,0.9309791332263242,0.8290598290598291,0.5714285714285714,0.9101123595505618,0.7527472527472527
carpet,384,last3,20,0.1,0.02412177436053753,0.913322632423756,0.8290598290598291,0.5714285714285714,0.9101123595505618,0.7527472527472527
carpet,512,last1,8,0.01,0.011823943816125393,0.9534510433386838,0.8632478632478633,0.6428571428571429,0.9325842696629213,0.8021978021978022
carpet,512,last1,8,0.03,0.0099911168217659,0.9490369181380417,0.8632478632478633,0.5357142857142857,0.9662921348314607,0.7835337650323775
carpet,512,last1,8,0.05,0.008462690748274326,0.9365971107544141,0.8632478632478633,0.5357142857142857,0.9662921348314607,0.7835337650323775
carpet,512,last1,8,0.1,0.007304149679839611,0.9269662921348314,0.8717948717948718,0.5357142857142857,0.9775280898876404,0.7936507936507936
carpet,512,last1,14,0.01,0.020664522424340248,0.9301765650080256,0.8461538461538461,0.6785714285714286,0.898876404494382,0.7887239165329053
carpet,512,last1,14,0.03,0.014482259750366211,0.92776886035313,0.8290598290598291,0.5,0.9325842696629213,0.7379032258064516
carpet,512,last1,14,0.05,0.01240629330277443,0.9233547351524879,0.8461538461538461,0.5,0.9550561797752809,0.7564754856614246
carpet,512,last1,14,0.1,0.010304229333996773,0.9117174959871588,0.8547008547008547,0.5357142857142857,0.9550561797752809,0.7736943907156673
carpet,512,last1,20,0.01,0.02246757410466671,0.9297752808988764,0.8461538461538461,0.6785714285714286,0.898876404494382,0.7887239165329053
carpet,512,last1,20,0.03,0.015759140253067017,0.9341894060995185,0.8376068376068376,0.5357142857142857,0.9325842696629213,0.7547710976282405
carpet,512,last1,20,0.05,0.013424393720924854,0.9321829855537721,0.8547008547008547,0.5357142857142857,0.9550561797752809,0.7736943907156673
carpet,512,last1,20,0.1,0.010852567851543427,0.9249598715890851,0.8547008547008547,0.5357142857142857,0.9550561797752809,0.7736943907156673
carpet,512,last2,8,0.01,0.018305348232388496,0.968298555377207,0.8717948717948718,0.5357142857142857,0.9775280898876404,0.7936507936507936
carpet,512,last2,8,0.03,0.01484858337789774,0.9590690208667737,0.8803418803418803,0.5357142857142857,0.9887640449438202,0.804066985645933
carpet,512,last2,8,0.05,0.01349952258169651,0.9402086677367576,0.8803418803418803,0.5357142857142857,0.9887640449438202,0.804066985645933
carpet,512,last2,8,0.1,0.012384070083498955,0.9141252006420546,0.8632478632478633,0.5357142857142857,0.9662921348314607,0.7835337650323775
carpet,512,last2,14,0.01,0.03743794560432434,0.9313804173354735,0.8461538461538461,0.6785714285714286,0.898876404494382,0.7887239165329053
carpet,512,last2,14,0.03,0.027934398502111435,0.9289727126805778,0.8205128205128205,0.5357142857142857,0.9101123595505618,0.7367405978784957
carpet,512,last2,14,0.05,0.023900501430034637,0.9165329052969503,0.8205128205128205,0.5357142857142857,0.9101123595505618,0.7367405978784957
carpet,512,last2,14,0.1,0.019750185310840607,0.8972712680577849,0.8376068376068376,0.5357142857142857,0.9325842696629213,0.7547710976282405
carpet,512,last2,20,0.01,0.03716661036014557,0.9349919743178169,0.8547008547008547,0.6428571428571429,0.9213483146067416,0.7926613155425831
carpet,512,last2,20,0.03,0.02911793440580368,0.9414125200642055,0.8376068376068376,0.5357142857142857,0.9325842696629213,0.7547710976282405
carpet,512,last2,20,0.05,0.024764901027083397,0.9357945425361155,0.8632478632478633,0.5357142857142857,0.9662921348314607,0.7835337650323775
carpet,512,last2,20,0.1,0.020291633903980255,0.9137239165329053,0.8717948717948718,0.5357142857142857,0.9775280898876404,0.7936507936507936
carpet,512,last3,8,0.01,0.0198651310056448,0.9345906902086677,0.8205128205128205,0.5714285714285714,0.898876404494382,0.7438757427290732
carpet,512,last3,8,0.03,0.01673249714076519,0.9293739967897271,0.8376068376068376,0.5357142857142857,0.9325842696629213,0.7547710976282405
carpet,512,last3,8,0.05,0.014665862545371056,0.9109149277688604,0.8547008547008547,0.5714285714285714,0.9438202247191011,0.780584666298952
carpet,512,last3,8,0.1,0.013211436569690704,0.8743980738362761,0.8461538461538461,0.5714285714285714,0.9325842696629213,0.7710869565217391
carpet,512,last3,14,0.01,0.035123664885759354,0.9032905296950241,0.8290598290598291,0.6071428571428571,0.898876404494382,0.7592592592592593
carpet,512,last3,14,0.03,0.027806878089904785,0.8992776886035312,0.8034188034188035,0.5,0.898876404494382,0.7116682738669238
carpet,512,last3,14,0.05,0.024775903671979904,0.8848314606741573,0.811965811965812,0.5357142857142857,0.898876404494382,0.728021978021978
carpet,512,last3,14,0.1,0.021173208951950073,0.8663723916532905,0.8205128205128205,0.5357142857142857,0.9101123595505618,0.7367405978784957
carpet,512,last3,20,0.01,0.036468859761953354,0.9261637239165329,0.8290598290598291,0.5357142857142857,0.9213483146067416,0.7456521739130435
carpet,512,last3,20,0.03,0.02886846289038658,0.9273675762439807,0.8290598290598291,0.5,0.9325842696629213,0.7379032258064516
carpet,512,last3,20,0.05,0.025627275928854942,0.9153290529695024,0.8461538461538461,0.5,0.9550561797752809,0.7564754856614246
carpet,512,last3,20,0.1,0.022175369784235954,0.8876404494382022,0.8547008547008547,0.5357142857142857,0.9550561797752809,0.7736943907156673
leather,224,last1,8,0.01,0.019462207332253456,0.9541440217391304,0.9032258064516129,0.875,0.9130434782608695,0.8784313725490196
leather,224,last1,8,0.03,0.016961893066763878,0.9551630434782609,0.9112903225806451,0.90625,0.9130434782608695,0.8895635980892236
leather,224,last1,8,0.05,0.014032837934792042,0.9585597826086957,0.9032258064516129,0.875,0.9130434782608695,0.8784313725490196
leather,224,last1,8,0.1,0.012106367386877537,0.9619565217391304,0.9032258064516129,0.875,0.9130434782608695,0.8784313725490196
leather,224,last1,14,0.01,0.017776137217879295,0.9646739130434783,0.9032258064516129,0.875,0.9130434782608695,0.8784313725490196
leather,224,last1,14,0.03,0.015379510819911957,0.9643342391304348,0.9032258064516129,0.875,0.9130434782608695,0.8784313725490196
leather,224,last1,14,0.05,0.014087388291954994,0.9643342391304348,0.9032258064516129,0.875,0.9130434782608695,0.8784313725490196
leather,224,last1,14,0.1,0.012201117351651192,0.9636548913043478,0.9112903225806451,0.90625,0.9130434782608695,0.8895635980892236
leather,224,last1,20,0.01,0.019254045560956,0.9724864130434783,0.9193548387096774,0.875,0.9347826086956522,0.8967698967698967
leather,224,last1,20,0.03,0.016652999445796013,0.9701086956521738,0.9112903225806451,0.90625,0.9130434782608695,0.8895635980892236
leather,224,last1,20,0.05,0.01492214947938919,0.9697690217391304,0.9112903225806451,0.90625,0.9130434782608695,0.8895635980892236
leather,224,last1,20,0.1,0.012723281979560852,0.9670516304347827,0.9193548387096774,0.9375,0.9130434782608695,0.9004815409309791
leather,224,last2,8,0.01,0.025211889296770096,0.9324048913043478,0.8548387096774194,0.59375,0.9456521739130435,0.7924107142857143
leather,224,last2,8,0.03,0.022625116631388664,0.938858695652174,0.8306451612903226,0.5,0.9456521739130435,0.7480406386066764
leather,224,last2,8,0.05,0.020355509594082832,0.9415760869565217,0.8306451612903226,0.5,0.9456521739130435,0.7480406386066764
leather,224,last2,8,0.1,0.018960390239953995,0.9432744565217391,0.8306451612903226,0.5,0.9456521739130435,0.7480406386066764
leather,224,last2,14,0.01,0.024311859160661697,0.9507472826086956,0.8548387096774194,0.53125,0.967391304347826,0.7810047095761381
leather,224,last2,14,0.03,0.021351736038923264,0.9555027173913043,0.8548387096774194,0.53125,0.967391304347826,0.7810047095761381
leather,224,last2,14,0.05,0.0198501106351614,0.9548233695652174,0.8548387096774194,0.53125,0.967391304347826,0.7810047095761381
leather,224,last2,14,0.1,0.018056293949484825,0.952445652173913,0.8387096774193549,0.53125,0.9456521739130435,0.7632684230622375
leather,224,last2,20,0.01,0.02619142085313797,0.9667119565217391,0.8629032258064516,0.5625,0.967391304347826,0.7960328979196903
leather,224,last2,20,0.03,0.023410281166434288,0.9626358695652174,0.8548387096774194,0.53125,0.967391304347826,0.7810047095761381
leather,224,last2,20,0.05,0.022260591387748718,0.9578804347826086,0.8629032258064516,0.625,0.9456521739130435,0.806374575181409
leather,224,last2,20,0.1,0.02013985440135002,0.9548233695652174,0.8709677419354839,0.65625,0.9456521739130435,0.8199637023593467
leather,224,last3,8,0.01,0.022626329213380814,0.9269701086956522,0.8225806451612904,0.375,0.9782608695652174,0.7064141196728368
leather,224,last3,8,0.03,0.02162148617208004,0.9347826086956521,0.8145161290322581,0.375,0.967391304347826,0.6981052185879115
leather,224,last3,8,0.05,0.020084241405129433,0.9381793478260869,0.8225806451612904,0.40625,0.967391304347826,0.7158333333333333
leather,224,last3,8,0.1,0.018195681273937225,0.9439538043478262,0.8225806451612904,0.40625,0.967391304347826,0.7158333333333333
leather,224,last3,14,0.01,0.021404143422842026,0.9436141304347826,0.8064516129032258,0.3125,0.9782608695652174,0.6684491978609626
leather,224,last3,14,0.03,0.01982785016298294,0.9500679347826088,0.8064516129032258,0.34375,0.967391304347826,0.6797244941885493
leather,224,last3,14,0.05,0.019097482785582542,0.951086956521739,0.8306451612903226,0.4375,0.967391304347826,0.7329504666188082
leather,224,last3,14,0.1,0.017782684415578842,0.9527853260869565,0.8306451612903226,0.5,0.9456521739130435,0.7480406386066764
leather,224,last3,20,0.01,0.024378469213843346,0.9619565217391305,0.8467741935483871,0.5,0.967391304347826,0.7655021399422713
leather,224,last3,20,0.03,0.02126304619014263,0.9592391304347826,0.8145161290322581,0.34375,0.9782608695652174,0.6877941981390258
leather,224,last3,20,0.05,0.020326783880591393,0.9585597826086956,0.8306451612903226,0.40625,0.9782608695652174,0.7243569387107018
leather,224,last3,20,0.1,0.018523989245295525,0.9551630434782609,0.8306451612903226,0.40625,0.9782608695652174,0.7243569387107018
leather,384,last1,8,0.01,0.01306716725230217,0.9633152173913044,0.8387096774193549,0.46875,0.967391304347826,0.7494949494949494
leather,384,last1,8,0.03,0.011332618072628975,0.9633152173913044,0.8064516129032258,0.28125,0.9891304347826086,0.6560332871012483
leather,384,last1,8,0.05,0.00989420898258686,0.9653532608695652,0.782258064516129,0.15625,1.0,0.5711540924811067
leather,384,last1,8,0.1,0.008950425311923027,0.9636548913043478,0.7903225806451613,0.1875,1.0,0.5959899749373434
leather,384,last1,14,0.01,0.018961532041430473,0.9592391304347826,0.8225806451612904,0.40625,0.967391304347826,0.7158333333333333
leather,384,last1,14,0.03,0.015736445784568787,0.9612771739130435,0.8145161290322581,0.375,0.967391304347826,0.6981052185879115
leather,384,last1,14,0.05,0.014167499728500843,0.9626358695652175,0.8225806451612904,0.375,0.9782608695652174,0.7064141196728368
leather,384,last1,14,0.1,0.011656607501208782,0.954483695652174,0.7903225806451613,0.21875,0.9891304347826086,0.6125
leather,384,last1,20,0.01,0.024296201765537262,0.9677309782608695,0.9354838709677419,0.90625,0.9456521739130435,0.9174159174159174
leather,384,last1,20,0.03,0.017158282920718193,0.9690896739130436,0.8709677419354839,0.59375,0.967391304347826,0.8106147384497899
leather,384,last1,20,0.05,0.015077619813382626,0.9663722826086956,0.8629032258064516,0.5625,0.967391304347826,0.7960328979196903
leather,384,last1,20,0.1,0.012661298736929893,0.9605978260869565,0.8306451612903226,0.40625,0.9782608695652174,0.7243569387107018
leather,384,last2,8,0.01,0.022132650017738342,0.9375,0.7983870967741935,0.375,0.9456521739130435,0.6820838888319147
leather,384,last2,8,0.03,0.019960029050707817,0.9313858695652173,0.7661290322580645,0.1875,0.967391304347826,0.5762931542358902
leather,384,last2,8,0.05,0.017662428319454193,0.921875,0.7661290322580645,0.09375,1.0,0.5176391683433937
leather,384,last2,8,0.1,0.016009176149964333,0.9113451086956522,0.7580645161290323,0.0625,1.0,0.4887300714678395
leather,384,last2,14,0.01,0.03384184092283249,0.9347826086956522,0.8467741935483871,0.5625,0.9456521739130435,0.7780499293452661
leather,384,last2,14,0.03,0.028217239305377007,0.9296875,0.8145161290322581,0.375,0.967391304347826,0.6981052185879115
leather,384,last2,14,0.05,0.025657277554273605,0.921875,0.7903225806451613,0.25,0.9782608695652174,0.6273693943596856
leather,384,last2,14,0.1,0.022233588621020317,0.9099864130434783,0.7903225806451613,0.21875,0.9891304347826086,0.6125
leather,384,last2,20,0.01,0.03363309055566788,0.9402173913043478,0.8387096774193549,0.5,0.9565217391304348,0.7566718995290425
leather,384,last2,20,0.03,0.02758805640041828,0.9347826086956521,0.8064516129032258,0.3125,0.9782608695652174,0.6684491978609626
leather,384,last2,20,0.05,0.025275584310293198,0.9273097826086957,0.8064516129032258,0.3125,0.9782608695652174,0.6684491978609626
leather,384,last2,20,0.1,0.022274155169725418,0.912703804347826,0.7741935483870968,0.21875,0.967391304347826,0.598705501618123
leather,384,last3,8,0.01,0.022097058594226837,0.9303668478260869,0.8064516129032258,0.4375,0.9347826086956522,0.7080062794348508
leather,384,last3,8,0.03,0.020700907334685326,0.9157608695652174,0.7580645161290323,0.25,0.9347826086956522,0.5996556177356867
leather,384,last3,8,0.05,0.01878884620964527,0.8984375,0.7580645161290323,0.1875,0.9565217391304348,0.5700416088765603
leather,384,last3,8,0.1,0.016514165326952934,0.8923233695652174,0.7580645161290323,0.0625,1.0,0.4887300714678395
leather,384,last3,14,0.01,0.03407539054751396,0.9127038043478262,0.7983870967741935,0.4375,0.9239130434782609,0.7000483792936623
leather,384,last3,14,0.03,0.02882690541446209,0.9038722826086958,0.7983870967741935,0.34375,0.9565217391304348,0.6718534984651212
leather,384,last3,14,0.05,0.026192061603069305,0.897078804347826,0.782258064516129,0.28125,0.9565217391304348,0.6334975369458129
leather,384,last3,14,0.1,0.02255740761756897,0.8858695652173912,0.782258064516129,0.1875,0.9891304347826086,0.5892528524107472
leather,384,last3,20,0.01,0.03432782366871834,0.9205163043478259,0.7903225806451613,0.4375,0.9130434782608695,0.6922489499809088
leather,384,last3,20,0.03,0.02942490391433239,0.9089673913043478,0.7903225806451613,0.40625,0.9239130434782609,0.6836734693877551
leather,384,last3,20,0.05,0.02685769833624363,0.9025135869565218,0.7903225806451613,0.34375,0.9456521739130435,0.6641666666666667
leather,384,last3,20,0.1,0.0233092550188303,0.8909646739130435,0.7741935483870968,0.25,0.9565217391304348,0.6131907308377897
leather,512,last1,8,0.01,0.014898133464157581,0.9684103260869565,0.8629032258064516,0.5625,0.967391304347826,0.7960328979196903
leather,512,last1,8,0.03,0.013491340912878513,0.9592391304347826,0.8467741935483871,0.5,0.967391304347826,0.7655021399422713
leather,512,last1,8,0.05,0.010997738689184189,0.9449728260869565,0.7903225806451613,0.25,0.9782608695652174,0.6273693943596856
leather,512,last1,8,0.1,0.00968229304999113,0.9344429347826086,0.7661290322580645,0.15625,0.9782608695652174,0.5588271377745062
leather,512,last1,14,0.01,0.03393624722957611,0.9653532608695652,0.9274193548387096,0.90625,0.9347826086956522,0.9079739424424838
leather,512,last1,14,0.03,0.020700974389910698,0.9578804347826086,0.8709677419354839,0.625,0.9565217391304348,0.8154761904761905
leather,512,last1,14,0.05,0.01790687069296837,0.954483695652174,0.8548387096774194,0.5625,0.9565217391304348,0.7869415807560137
leather,512,last1,14,0.1,0.014819113537669182,0.9368206521739131,0.8306451612903226,0.4375,0.967391304347826,0.7329504666188082
leather,512,last1,20,0.01,0.030584657564759254,0.967391304347826,0.9274193548387096,0.90625,0.9347826086956522,0.9079739424424838
leather,512,last1,20,0.03,0.02036035619676113,0.9609375,0.8548387096774194,0.5625,0.9565217391304348,0.7869415807560137
leather,512,last1,20,0.05,0.017788367345929146,0.9548233695652173,0.8306451612903226,0.4375,0.967391304347826,0.7329504666188082
leather,512,last1,20,0.1,0.014887362718582153,0.9419157608695652,0.8387096774193549,0.4375,0.9782608695652174,0.7416666666666667
leather,512,last2,8,0.01,0.022584186866879463,0.9086277173913043,0.8145161290322581,0.5,0.9239130434782609,0.7313235986811116
leather,512,last2,8,0.03,0.020741647109389305,0.9021739130434784,0.7983870967741935,0.375,0.9456521739130435,0.6820838888319147
leather,512,last2,8,0.05,0.017324261367321014,0.8926630434782609,0.75,0.09375,0.9782608695652174,0.5076213654412707
leather,512,last2,8,0.1,0.015974966809153557,0.8814538043478262,0.7580645161290323,0.125,0.9782608695652174,0.5338345864661653
leather,512,last2,14,0.01,0.04397556185722351,0.9266304347826086,0.8629032258064516,0.8125,0.8804347826086957,0.8293255606833455
leather,512,last2,14,0.03,0.032376859337091446,0.9096467391304347,0.7903225806451613,0.375,0.9347826086956522,0.6743434343434344
leather,512,last2,14,0.05,0.0289217047393322,0.8947010869565217,0.7661290322580645,0.25,0.9456521739130435,0.6063492063492063
leather,512,last2,14,0.1,0.024567153304815292,0.8831521739130436,0.7580645161290323,0.15625,0.967391304347826,0.5528846153846154
leather,512,last2,20,0.01,0.04224113002419472,0.9364809782608696,0.8629032258064516,0.625,0.9456521739130435,0.806374575181409
leather,512,last2,20,0.03,0.03209983929991722,0.9188179347826088,0.7661290322580645,0.1875,0.967391304347826,0.5762931542358902
leather,512,last2,20,0.05,0.029332846403121948,0.9103260869565217,0.7580645161290323,0.125,0.9782608695652174,0.5338345864661653
leather,512,last2,20,0.1,0.02556651458144188,0.8851902173913043,0.7419354838709677,0.09375,0.967391304347826,0.5027568922305764
leather,512,last3,8,0.01,0.022068770602345467,0.888586956521739,0.8064516129032258,0.46875,0.9239130434782609,0.715922107674685
leather,512,last3,8,0.03,0.019251748919487,0.8879076086956521,0.782258064516129,0.21875,0.9782608695652174,0.6055143160127253
leather,512,last3,8,0.05,0.016910409554839134,0.8729619565217392,0.75,0.09375,0.9782608695652174,0.5076213654412707
leather,512,last3,8,0.1,0.015973743051290512,0.8529211956521738,0.7419354838709677,0.09375,0.967391304347826,0.5027568922305764
leather,512,last3,14,0.01,0.03930657356977463,0.9123641304347825,0.8387096774193549,0.625,0.9130434782608695,0.7801418439716312
leather,512,last3,14,0.03,0.030755991116166115,0.8984375,0.7741935483870968,0.21875,0.967391304347826,0.598705501618123
leather,512,last3,14,0.05,0.028279071673750877,0.8811141304347826,0.7741935483870968,0.1875,0.9782608695652174,0.5826923076923077
leather,512,last3,14,0.1,0.024300675839185715,0.8447690217391304,0.7419354838709677,0.09375,0.967391304347826,0.5027568922305764
leather,512,last3,20,0.01,0.04134485498070717,0.9239130434782609,0.8387096774193549,0.5625,0.9347826086956522,0.7693452380952381
leather,512,last3,20,0.03,0.0325460359454155,0.9008152173913042,0.7580645161290323,0.125,0.9782608695652174,0.5338345864661653
leather,512,last3,20,0.05,0.029262207448482513,0.8902853260869564,0.75,0.09375,0.9782608695652174,0.5076213654412707
leather,512,last3,20,0.1,0.025632234290242195,0.8610733695652174,0.75,0.09375,0.9782608695652174,0.5076213654412707
screw,224,last1,8,0.01,0.06182540953159332,0.80897724943636,0.5,0.9512195121951219,0.3445378151260504,0.4999218627910611
screw,224,last1,8,0.03,0.05742499232292175,0.8220946915351507,0.50625,0.975609756097561,0.3445378151260504,0.5062307121371928
screw,224,last1,8,0.05,0.05297994613647461,0.8309079729452756,0.475,0.975609756097561,0.3025210084033613,0.474671669793621
screw,224,last1,8,0.1,0.04897002503275871,0.8460750153720025,0.4,0.975609756097561,0.20168067226890757,0.3939393939393939
screw,224,last1,14,0.01,0.08173200488090515,0.8145111703217873,0.45,0.975609756097561,0.2689075630252101,0.44862155388471175
screw,224,last1,14,0.03,0.07368019223213196,0.8171756507481042,0.4,0.975609756097561,0.20168067226890757,0.3939393939393939
screw,224,last1,14,0.05,0.0660911425948143,0.8186103709776593,0.41875,0.975609756097561,0.226890756302521,0.414887342220125
screw,224,last1,14,0.1,0.055436450988054276,0.8192252510760403,0.4375,0.975609756097561,0.25210084033613445,0.43529411764705883
screw,224,last1,20,0.01,0.08335454761981964,0.7968846075015372,0.44375,0.926829268292683,0.2773109243697479,0.44320625610948194
screw,224,last1,20,0.03,0.06961808353662491,0.8186103709776593,0.525,0.926829268292683,0.3865546218487395,0.5238095238095238
screw,224,last1,20,0.05,0.06407729536294937,0.8241442918630867,0.5,0.926829268292683,0.35294117647058826,0.4996873045653534
screw,224,last1,20,0.1,0.05707487091422081,0.8270137323221971,0.45,0.9512195121951219,0.2773109243697479,0.44922547332185886
screw,224,last2,8,0.01,0.05726750195026398,0.833367493338799,0.425,0.975609756097561,0.23529411764705882,0.42174732872407295
screw,224,last2,8,0.03,0.051751840859651566,0.8409510145521623,0.4125,0.975609756097561,0.2184873949579832,0.4079672492520863
screw,224,last2,8,0.05,0.0451822504401207,0.8397212543554008,0.41875,0.975609756097561,0.226890756302521,0.414887342220125
screw,224,last2,8,0.1,0.04070179909467697,0.8454601352736216,0.4,0.975609756097561,0.20168067226890757,0.3939393939393939
screw,224,last2,14,0.01,0.0711948573589325,0.777823324451732,0.4,1.0,0.19327731092436976,0.3923089096376009
screw,224,last2,14,0.03,0.05690846964716911,0.8036482885837262,0.5,0.975609756097561,0.33613445378151263,0.5
screw,224,last2,14,0.05,0.052229657769203186,0.8038532486165199,0.5125,0.975609756097561,0.35294117647058826,0.5124238162212846
screw,224,last2,14,0.1,0.04761368781328201,0.7989342078294732,0.4625,0.975609756097561,0.2857142857142857,0.4617430762009075
screw,224,last2,20,0.01,0.07641682773828506,0.7735191637630663,0.39375,1.0,0.18487394957983194,0.3850786481239352
screw,224,last2,20,0.03,0.06383231282234192,0.7872514859602379,0.4375,0.975609756097561,0.25210084033613445,0.43529411764705883
screw,224,last2,20,0.05,0.05770936608314514,0.7880713260914123,0.45,0.975609756097561,0.2689075630252101,0.44862155388471175
screw,224,last2,20,0.1,0.05030398070812225,0.7837671654027465,0.49375,0.975609756097561,0.3277310924369748,0.4937302238368686
screw,224,last3,8,0.01,0.06064965948462486,0.8186103709776594,0.3375,0.975609756097561,0.11764705882352941,0.3195313753811587
screw,224,last3,8,0.03,0.04943639039993286,0.8284484525517525,0.3875,0.975609756097561,0.18487394957983194,0.37964867858838425
screw,224,last3,8,0.05,0.043315477669239044,0.8315228530436564,0.375,0.975609756097561,0.16806722689075632,0.36507936507936506
screw,224,last3,8,0.1,0.03906986862421036,0.8427956548473048,0.3375,0.975609756097561,0.11764705882352941,0.3195313753811587
screw,224,last3,14,0.01,0.06289903074502945,0.749743799959008,0.44375,1.0,0.25210084033613445,0.44110836375053963
screw,224,last3,14,0.03,0.057024240493774414,0.765320762451322,0.425,0.975609756097561,0.23529411764705882,0.42174732872407295
screw,224,last3,14,0.05,0.05250997841358185,0.7669604427136708,0.425,0.975609756097561,0.23529411764705882,0.42174732872407295
screw,224,last3,14,0.1,0.04624774307012558,0.7604017216642756,0.375,0.975609756097561,0.16806722689075632,0.36507936507936506
screw,224,last3,20,0.01,0.06825892627239227,0.762246361959418,0.475,1.0,0.29411764705882354,0.47426067907995617
screw,224,last3,20,0.03,0.059266913682222366,0.7583521213363396,0.49375,0.975609756097561,0.3277310924369748,0.4937302238368686
screw,224,last3,20,0.05,0.05504673346877098,0.7587620414019267,0.46875,0.975609756097561,0.29411764705882354,0.4682306940371457
screw,224,last3,20,0.1,0.049213480204343796,0.7599918015986884,0.4375,0.9512195121951219,0.2605042016806723,0.43609022556390975
screw,384,last1,8,0.01,0.13035030663013458,0.8300881328141012,0.3,1.0,0.058823529411764705,0.26689576174112256
screw,384,last1,8,0.03,0.09862540662288666,0.8329575732732117,0.31875,1.0,0.08403361344537816,0.29217906570883556
screw,384,last1,8,0.05,0.07054121047258377,0.8466898954703832,0.3375,1.0,0.1092436974789916,0.31656995486782724
screw,384,last1,8,0.1,0.05619310215115547,0.841155974584956,0.3625,1.0,0.14285714285714285,0.34782608695652173
screw,384,last1,14,0.01,0.14200294017791748,0.8784587005533921,0.3375,1.0,0.1092436974789916,0.31656995486782724
screw,384,last1,14,0.03,0.10363698750734329,0.8819430211108834,0.31875,1.0,0.08403361344537816,0.29217906570883556
screw,384,last1,14,0.05,0.08802323788404465,0.8807132609141217,0.31875,1.0,0.08403361344537816,0.29217906570883556
screw,384,last1,14,0.1,0.06815151870250702,0.8602172576347611,0.35,1.0,0.12605042016806722,0.3323704060343444
screw,384,last1,20,0.01,0.138327494263649,0.8882967821274852,0.35625,1.0,0.13445378151260504,0.34014014014014016
screw,384,last1,20,0.03,0.10783843696117401,0.885222381635581,0.33125,1.0,0.10084033613445378,0.3085342703663314
screw,384,last1,20,0.05,0.08902067691087723,0.8807132609141217,0.375,1.0,0.15966386554621848,0.36295588469501516
screw,384,last1,20,0.1,0.06819555163383484,0.8739495798319327,0.41875,1.0,0.2184873949579832,0.4135960591133005
screw,384,last2,8,0.01,0.10584772378206253,0.8415658946505431,0.33125,1.0,0.10084033613445378,0.3085342703663314
screw,384,last2,8,0.03,0.08248031139373779,0.8376716540274645,0.3375,1.0,0.1092436974789916,0.31656995486782724
screw,384,last2,8,0.05,0.061395663768053055,0.8384914941586391,0.3875,1.0,0.17647058823529413,0.37777777777777777
screw,384,last2,8,0.1,0.05374207720160484,0.8290633326501332,0.325,1.0,0.09243697478991597,0.3004048582995952
screw,384,last2,14,0.01,0.10958629101514816,0.8544783767165404,0.4,0.975609756097561,0.20168067226890757,0.3939393939393939
screw,384,last2,14,0.03,0.09162208437919617,0.8614470178315229,0.35,0.975609756097561,0.13445378151260504,0.3350383631713555
screw,384,last2,14,0.05,0.0808892473578453,0.8532486165197787,0.3125,1.0,0.07563025210084033,0.28385416666666663
screw,384,last2,14,0.1,0.06497359275817871,0.8290633326501333,0.30625,1.0,0.06722689075630252,0.2754273591448737
screw,384,last2,20,0.01,0.11437375843524933,0.893010862881738,0.4,1.0,0.19327731092436976,0.3923089096376009
screw,384,last2,20,0.03,0.09525420516729355,0.9018241442918631,0.35,1.0,0.12605042016806722,0.3323704060343444
screw,384,last2,20,0.05,0.08294104039669037,0.8989547038327527,0.3625,1.0,0.14285714285714285,0.34782608695652173
screw,384,last2,20,0.1,0.06601772457361221,0.8827628612420578,0.40625,1.0,0.20168067226890757,0.3994705859112639
screw,384,last3,8,0.01,0.08832261711359024,0.8637015781922525,0.33125,1.0,0.10084033613445378,0.3085342703663314
screw,384,last3,8,0.03,0.06487684696912766,0.8485345357655257,0.4,1.0,0.19327731092436976,0.3923089096376009
screw,384,last3,8,0.05,0.05614643171429634,0.8393113342898135,0.34375,1.0,0.11764705882352941,0.32451449479313255
screw,384,last3,8,0.1,0.049481190741062164,0.8231194916991188,0.30625,1.0,0.06722689075630252,0.2754273591448737
screw,384,last3,14,0.01,0.09581830352544785,0.8331625333060053,0.44375,0.975609756097561,0.2605042016806723,0.4419844037775775
screw,384,last3,14,0.03,0.07949554175138474,0.8421807747489239,0.39375,1.0,0.18487394957983194,0.3850786481239352
screw,384,last3,14,0.05,0.07244369387626648,0.8337774134043862,0.35,1.0,0.12605042016806722,0.3323704060343444
screw,384,last3,14,0.1,0.06124715507030487,0.8104119696659152,0.3125,1.0,0.07563025210084033,0.28385416666666663
screw,384,last3,20,0.01,0.10378662496805191,0.9012092641934822,0.425,1.0,0.226890756302521,0.420563690757361
screw,384,last3,20,0.03,0.08655266463756561,0.9020291043246568,0.4,1.0,0.19327731092436976,0.3923089096376009
screw,384,last3,20,0.05,0.07569830864667892,0.8891166222586596,0.4125,1.0,0.21008403361344538,0.4065656565656566
screw,384,last3,20,0.1,0.06533932685852051,0.8684156589465054,0.35625,1.0,0.13445378151260504,0.34014014014014016
screw,512,last1,8,0.01,0.09333563596010208,0.8698503791760607,0.4125,1.0,0.21008403361344538,0.4065656565656566
screw,512,last1,8,0.03,0.07568876445293427,0.8971100635376101,0.4375,1.0,0.24369747899159663,0.43431803896920174
screw,512,last1,8,0.05,0.061721108853816986,0.9118671858987498,0.40625,1.0,0.20168067226890757,0.3994705859112639
screw,512,last1,8,0.1,0.05021423473954201,0.903463824554212,0.40625,1.0,0.20168067226890757,0.3994705859112639
screw,512,last1,14,0.01,0.1409885436296463,0.8718999795039968,0.33125,1.0,0.10084033613445378,0.3085342703663314
screw,512,last1,14,0.03,0.1063905730843544,0.9018241442918631,0.30625,1.0,0.06722689075630252,0.2754273591448737
screw,512,last1,14,0.05,0.08738745748996735,0.9135068661610986,0.34375,1.0,0.11764705882352941,0.32451449479313255
screw,512,last1,14,0.1,0.06732723116874695,0.8995695839311334,0.36875,1.0,0.15126050420168066,0.3554305771608631
screw,512,last1,20,0.01,0.14469358325004578,0.884197581471613,0.31875,1.0,0.08403361344537816,0.29217906570883556
screw,512,last1,20,0.03,0.10308784246444702,0.9114572658331624,0.34375,1.0,0.11764705882352941,0.32451449479313255
screw,512,last1,20,0.05,0.08743732422590256,0.9167862266857963,0.3875,1.0,0.17647058823529413,0.37777777777777777
screw,512,last1,20,0.1,0.07006465643644333,0.9128919860627178,0.39375,1.0,0.18487394957983194,0.3850786481239352
screw,512,last2,8,0.01,0.09684158861637115,0.8958803033408484,0.325,1.0,0.09243697478991597,0.3004048582995952
screw,512,last2,8,0.03,0.08047395944595337,0.9036687845870055,0.29375,1.0,0.05042016806722689,0.2582564102564103
screw,512,last2,8,0.05,0.06252146512269974,0.8969051035048167,0.3125,1.0,0.07563025210084033,0.28385416666666663
screw,512,last2,8,0.1,0.051644135266542435,0.8809182209469154,0.3,1.0,0.058823529411764705,0.26689576174112256
screw,512,last2,14,0.01,0.15017768740653992,0.8690305390448863,0.275,1.0,0.025210084033613446,0.2316608710051333
screw,512,last2,14,0.03,0.109382763504982,0.8901414224226274,0.2875,1.0,0.04201680672268908,0.24950625411454905
screw,512,last2,14,0.05,0.08898740261793137,0.89198606271777,0.30625,1.0,0.06722689075630252,0.2754273591448737
screw,512,last2,14,0.1,0.06916230916976929,0.8669809387169503,0.31875,1.0,0.08403361344537816,0.29217906570883556
screw,512,last2,20,0.01,0.1309710144996643,0.897724943635991,0.3,1.0,0.058823529411764705,0.26689576174112256
screw,512,last2,20,0.03,0.10132055729627609,0.9217052674728429,0.3,1.0,0.058823529411764705,0.26689576174112256
screw,512,last2,20,0.05,0.08600521087646484,0.9266243082598894,0.34375,1.0,0.11764705882352941,0.32451449479313255
screw,512,last2,20,0.1,0.06945101171731949,0.9104324656691944,0.35625,1.0,0.13445378151260504,0.34014014014014016
screw,512,last3,8,0.01,0.06922973692417145,0.9149415863906538,0.375,1.0,0.15966386554621848,0.36295588469501516
screw,512,last3,8,0.03,0.06213618442416191,0.9063332650133225,0.33125,1.0,0.10084033613445378,0.3085342703663314
screw,512,last3,8,0.05,0.05230273678898811,0.8897315023570405,0.3,1.0,0.058823529411764705,0.26689576174112256
screw,512,last3,8,0.1,0.045049816370010376,0.8702602992416478,0.3,1.0,0.058823529411764705,0.26689576174112256
screw,512,last3,14,0.01,0.12685951590538025,0.8721049395367902,0.30625,1.0,0.06722689075630252,0.2754273591448737
screw,512,last3,14,0.03,0.09166046231985092,0.8772289403566305,0.3375,1.0,0.1092436974789916,0.31656995486782724
screw,512,last3,14,0.05,0.07916852086782455,0.8710801393728222,0.35625,1.0,0.13445378151260504,0.34014014014014016
screw,512,last3,14,0.1,0.06382080167531967,0.8341873334699734,0.3375,0.975609756097561,0.11764705882352941,0.3195313753811587
screw,512,last3,20,0.01,0.11035048216581345,0.8975199836031974,0.375,1.0,0.15966386554621848,0.36295588469501516
screw,512,last3,20,0.03,0.08781877160072327,0.919040787046526,0.41875,1.0,0.2184873949579832,0.4135960591133005
screw,512,last3,20,0.05,0.07841159403324127,0.9178110268497642,0.41875,1.0,0.2184873949579832,0.4135960591133005
screw,512,last3,20,0.1,0.0645003542304039,0.9003894240623078,0.4,1.0,0.19327731092436976,0.3923089096376009
pill,224,last1,8,0.01,0.05526919290423393,0.8224222585924713,0.5868263473053892,0.9230769230769231,0.524822695035461,0.5461420300129978
pill,224,last1,8,0.03,0.05225973576307297,0.8262411347517731,0.5748502994011976,0.9615384615384616,0.5035460992907801,0.5399449035812672
pill,224,last1,8,0.05,0.04748455435037613,0.8251500272776868,0.5868263473053892,0.9615384615384616,0.5177304964539007,0.5496189173343756
pill,224,last1,8,0.1,0.04289725422859192,0.8306055646481179,0.5449101796407185,0.9230769230769231,0.475177304964539,0.5125960061443933
pill,224,last1,14,0.01,0.0709918662905693,0.8445171849427168,0.562874251497006,0.9615384615384616,0.48936170212765956,0.5302662505298039
pill,224,last1,14,0.03,0.05886472389101982,0.8393344244408074,0.6047904191616766,0.9615384615384616,0.5390070921985816,0.5641410945903196
pill,224,last1,14,0.05,0.05401061102747917,0.8401527550463721,0.6107784431137725,0.9230769230769231,0.5531914893617021,0.5653305570015617
pill,224,last1,14,0.1,0.04903861880302429,0.839607201309329,0.5449101796407185,0.9615384615384616,0.46808510638297873,0.5157203907203907
pill,224,last1,20,0.01,0.07744419574737549,0.84860883797054,0.562874251497006,0.9615384615384616,0.48936170212765956,0.5302662505298039
pill,224,last1,20,0.03,0.05886479467153549,0.8412438625204582,0.6467065868263473,0.8846153846153846,0.6028368794326241,0.5902266583489291
pill,224,last1,20,0.05,0.05552714690566063,0.8404255319148936,0.6167664670658682,0.9230769230769231,0.5602836879432624,0.5701415701415701
pill,224,last1,20,0.1,0.05058187246322632,0.8360611020185488,0.5688622754491018,0.9230769230769231,0.5035460992907801,0.5317757009345794
pill,224,last2,8,0.01,0.05072493851184845,0.8488816148390617,0.49101796407185627,0.9230769230769231,0.41134751773049644,0.46900834174989714
pill,224,last2,8,0.03,0.041825972497463226,0.855973813420622,0.6287425149700598,0.9230769230769231,0.574468085106383,0.579788961038961
pill,224,last2,8,0.05,0.03681788593530655,0.8611565739225313,0.6586826347305389,0.9230769230769231,0.6099290780141844,0.6041172800998128
pill,224,last2,8,0.1,0.033068832010030746,0.8600654664484451,0.6586826347305389,0.9230769230769231,0.6099290780141844,0.6041172800998128
pill,224,last2,14,0.01,0.05308853089809418,0.8516093835242771,0.6706586826347305,0.9230769230769231,0.624113475177305,0.613962089690245
pill,224,last2,14,0.03,0.04712066054344177,0.8619749045280961,0.7005988023952096,0.9230769230769231,0.6595744680851063,0.638965755793843
pill,224,last2,14,0.05,0.0438866913318634,0.8649754500818331,0.688622754491018,0.9230769230769231,0.6453900709219859,0.6288888888888888
pill,224,last2,14,0.1,0.04020123928785324,0.8649754500818331,0.6107784431137725,0.9230769230769231,0.5531914893617021,0.5653305570015617
pill,224,last2,20,0.01,0.06406073272228241,0.8578832515002727,0.6227544910179641,0.9230769230769231,0.5673758865248227,0.5749606108350502
pill,224,last2,20,0.03,0.052982598543167114,0.8584288052373159,0.6766467065868264,0.9230769230769231,0.6312056737588653,0.6189148073022313
pill,224,last2,20,0.05,0.04979484900832176,0.8584288052373159,0.6646706586826348,0.9230769230769231,0.6170212765957447,0.6090301003344482
pill,224,last2,20,0.1,0.04376715049147606,0.858974358974359,0.6287425149700598,0.9230769230769231,0.574468085106383,0.579788961038961
pill,224,last3,8,0.01,0.048864033073186874,0.8652482269503546,0.49101796407185627,0.9615384615384616,0.40425531914893614,0.4716173459892053
pill,224,last3,8,0.03,0.03993643447756767,0.8775231860338243,0.6467065868263473,0.9230769230769231,0.5957446808510638,0.5943431182839969
pill,224,last3,8,0.05,0.035477034747600555,0.8835242771412983,0.6766467065868264,0.8846153846153846,0.6382978723404256,0.6146153846153847
pill,224,last3,8,0.1,0.032847363501787186,0.8810692853246045,0.6467065868263473,0.9230769230769231,0.5957446808510638,0.5943431182839969
pill,224,last3,14,0.01,0.054217223078012466,0.8516093835242771,0.6526946107784432,0.8846153846153846,0.6099290780141844,0.595066889632107
pill,224,last3,14,0.03,0.04889460653066635,0.8562465902891435,0.6706586826347305,0.8846153846153846,0.6312056737588653,0.6096970212042664
pill,224,last3,14,0.05,0.04504189267754555,0.8559738134206218,0.6646706586826348,0.8846153846153846,0.624113475177305,0.6048005409060175
pill,224,last3,14,0.1,0.0411294549703598,0.8636115657392253,0.6047904191616766,0.9615384615384616,0.5390070921985816,0.5641410945903196
pill,224,last3,20,0.01,0.06443170458078384,0.856519367157665,0.6287425149700598,0.8846153846153846,0.5815602836879432,0.5757948213700426
pill,224,last3,20,0.03,0.056614868342876434,0.8630660120021822,0.6347305389221557,0.9230769230769231,0.5815602836879432,0.5846279306829766
pill,224,last3,20,0.05,0.05253712087869644,0.8636115657392253,0.6107784431137725,0.9230769230769231,0.5531914893617021,0.5653305570015617
pill,224,last3,20,0.1,0.0453280471265316,0.8627932351336607,0.6047904191616766,0.9230769230769231,0.5460992907801419,0.5605263157894737
pill,384,last1,8,0.01,0.08254873007535934,0.8360611020185488,0.562874251497006,0.9615384615384616,0.48936170212765956,0.5302662505298039
pill,384,last1,8,0.03,0.05933241546154022,0.8527004909983635,0.6586826347305389,0.9230769230769231,0.6099290780141844,0.6041172800998128
pill,384,last1,8,0.05,0.04759179800748825,0.8647026732133114,0.6646706586826348,0.9230769230769231,0.6170212765957447,0.6090301003344482
pill,384,last1,8,0.1,0.04274724796414375,0.8791598472449536,0.5988023952095808,0.9615384615384616,0.5319148936170213,0.5592973334908818
pill,384,last1,14,0.01,0.08648402988910675,0.8731587561374794,0.6407185628742516,0.9615384615384616,0.5815602836879432,0.5933441558441558
pill,384,last1,14,0.03,0.06423135101795197,0.8889798145117294,0.688622754491018,0.9615384615384616,0.6382978723404256,0.6330290736984449
pill,384,last1,14,0.05,0.056763723492622375,0.8968903436988543,0.688622754491018,0.9615384615384616,0.6382978723404256,0.6330290736984449
pill,384,last1,14,0.1,0.048213016241788864,0.900163666121113,0.6646706586826348,1.0,0.6028368794326241,0.6168469354310062
pill,384,last1,20,0.01,0.10519298166036606,0.8985270049099836,0.5688622754491018,1.0,0.48936170212765956,0.5382488479262673
pill,384,last1,20,0.03,0.07762934267520905,0.9012547735951991,0.5808383233532934,0.9615384615384616,0.5106382978723404,0.5447819314641744
pill,384,last1,20,0.05,0.06543251872062683,0.9015275504637206,0.5988023952095808,0.9615384615384616,0.5319148936170213,0.5592973334908818
pill,384,last1,20,0.1,0.05369613692164421,0.9004364429896344,0.5688622754491018,1.0,0.48936170212765956,0.5382488479262673
pill,384,last2,8,0.01,0.08163072168827057,0.8499727223131479,0.5688622754491018,0.9615384615384616,0.49645390070921985,0.5351067120321682
pill,384,last2,8,0.03,0.06066583842039108,0.8633387888707037,0.6826347305389222,0.9615384615384616,0.6312056737588653,0.6279998318833271
pill,384,last2,8,0.05,0.05045608431100845,0.872885979268958,0.6826347305389222,0.9615384615384616,0.6312056737588653,0.6279998318833271
pill,384,last2,8,0.1,0.04373606666922569,0.8914348063284233,0.6766467065868264,1.0,0.6170212765957447,0.6268619662363456
pill,384,last2,14,0.01,0.10640633851289749,0.8802509547190399,0.5209580838323353,1.0,0.4326241134751773,0.49894989498949893
pill,384,last2,14,0.03,0.07024843245744705,0.9088925259138025,0.7005988023952096,0.9615384615384616,0.6524822695035462,0.6431623931623931
pill,384,last2,14,0.05,0.06228291243314743,0.9217130387343152,0.7005988023952096,1.0,0.6453900709219859,0.6471433400946585
pill,384,last2,14,0.1,0.052425868809223175,0.9307146753955264,0.6586826347305389,1.0,0.5957446808510638,0.6118654434250765
pill,384,last2,20,0.01,0.11230602115392685,0.9228041462084016,0.5568862275449101,1.0,0.475177304964539,0.528464590964591
pill,384,last2,20,0.03,0.0775725319981575,0.931533006001091,0.6946107784431138,1.0,0.6382978723404256,0.642037574076409
pill,384,last2,20,0.05,0.0678822323679924,0.9296235679214403,0.688622754491018,1.0,0.6312056737588653,0.6369565217391304
pill,384,last2,20,0.1,0.05678291991353035,0.9304418985270048,0.6167664670658682,1.0,0.5460992907801419,0.5773489402087947
pill,384,last3,8,0.01,0.07946842163801193,0.8428805237315874,0.5389221556886228,0.9615384615384616,0.46099290780141844,0.5108600555365362
pill,384,last3,8,0.03,0.062034402042627335,0.8573376977632297,0.6347305389221557,0.9615384615384616,0.574468085106383,0.5884539247767947
pill,384,last3,8,0.05,0.05065438151359558,0.8690671031096563,0.6467065868263473,1.0,0.5815602836879432,0.6019472387185392
pill,384,last3,8,0.1,0.04362652823328972,0.8799781778505184,0.6347305389221557,0.9615384615384616,0.574468085106383,0.5884539247767947
pill,384,last3,14,0.01,0.09606362134218216,0.8447899618112384,0.5209580838323353,0.9615384615384616,0.4397163120567376,0.4962292609351433
pill,384,last3,14,0.03,0.0721018984913826,0.8837970540098199,0.5988023952095808,0.8846153846153846,0.5460992907801419,0.5519561126016097
pill,384,last3,14,0.05,0.06268326193094254,0.9034369885433715,0.6586826347305389,0.9230769230769231,0.6099290780141844,0.6041172800998128
pill,384,last3,14,0.1,0.053190283477306366,0.9178941625750137,0.6526946107784432,1.0,0.5886524822695035,0.6068993506493506
pill,384,last3,20,0.01,0.09981418401002884,0.9173486088379705,0.6227544910179641,1.0,0.5531914893617021,0.582251340083383
pill,384,last3,20,0.03,0.07916934043169022,0.9266230223677032,0.6407185628742516,1.0,0.574468085106383,0.597007722007722
pill,384,last3,20,0.05,0.07002906501293182,0.9279869067103109,0.6287425149700598,1.0,0.5602836879432624,0.5871610845295056
pill,384,last3,20,0.1,0.057367704808712006,0.9288052373158756,0.6227544910179641,1.0,0.5531914893617021,0.582251340083383
pill,512,last1,8,0.01,0.08611971139907837,0.9203491543917075,0.5389221556886228,1.0,0.45390070921985815,0.5137455095481187
pill,512,last1,8,0.03,0.06593687832355499,0.9282596835788325,0.592814371257485,1.0,0.5177304964539007,0.5577881619937695
pill,512,last1,8,0.05,0.051935553550720215,0.9326241134751773,0.5868263473053892,1.0,0.5106382978723404,0.5529042020719357
pill,512,last1,8,0.1,0.041776612401008606,0.94189852700491,0.5988023952095808,1.0,0.524822695035461,0.5626734414696111
pill,512,last1,14,0.01,0.1548268347978592,0.9268957992362247,0.3652694610778443,1.0,0.24822695035460993,0.3634205983889528
pill,512,last1,14,0.03,0.08552084118127823,0.9331696672122205,0.5808383233532934,1.0,0.5035460992907801,0.5480204144757191
pill,512,last1,14,0.05,0.06856472045183182,0.9367157665030005,0.6347305389221557,1.0,0.5673758865248227,0.5920794458014655
pill,512,last1,14,0.1,0.05344582721590996,0.9408074195308237,0.6287425149700598,1.0,0.5602836879432624,0.5871610845295056
pill,512,last1,20,0.01,0.1510109305381775,0.9476268412438625,0.4431137724550898,1.0,0.3404255319148936,0.4332785987958402
pill,512,last1,20,0.03,0.0862535759806633,0.9541734860883796,0.5688622754491018,1.0,0.48936170212765956,0.5382488479262673
pill,512,last1,20,0.05,0.07011119276285172,0.9547190398254228,0.592814371257485,1.0,0.5177304964539007,0.5577881619937695
pill,512,last1,20,0.1,0.054883893579244614,0.9487179487179487,0.5988023952095808,1.0,0.524822695035461,0.5626734414696111
pill,512,last2,8,0.01,0.07744397222995758,0.9290780141843972,0.592814371257485,1.0,0.5177304964539007,0.5577881619937695
pill,512,last2,8,0.03,0.06290049105882645,0.9331696672122204,0.6227544910179641,1.0,0.5531914893617021,0.582251340083383
pill,512,last2,8,0.05,0.049517642706632614,0.9388979814511729,0.6586826347305389,1.0,0.5957446808510638,0.6118654434250765
pill,512,last2,8,0.1,0.04168920964002609,0.9446262956901255,0.6227544910179641,1.0,0.5531914893617021,0.582251340083383
pill,512,last2,14,0.01,0.1536817103624344,0.9135297326786689,0.33532934131736525,1.0,0.2127659574468085,0.33494779894521576
pill,512,last2,14,0.03,0.08978309482336044,0.9187124931805782,0.5808383233532934,1.0,0.5035460992907801,0.5480204144757191
pill,512,last2,14,0.05,0.07412140816450119,0.928532460447354,0.6227544910179641,1.0,0.5531914893617021,0.582251340083383
pill,512,last2,14,0.1,0.05913597345352173,0.9320785597381341,0.5808383233532934,1.0,0.5035460992907801,0.5480204144757191
pill,512,last2,20,0.01,0.1449512243270874,0.9413529732678668,0.4550898203592814,1.0,0.3546099290780142,0.4435982865302237
pill,512,last2,20,0.03,0.08799951523542404,0.9522640480087288,0.6526946107784432,1.0,0.5886524822695035,0.6068993506493506
pill,512,last2,20,0.05,0.07367890328168869,0.9506273867975996,0.6646706586826348,1.0,0.6028368794326241,0.6168469354310062
pill,512,last2,20,0.1,0.06026242673397064,0.9503546099290779,0.6407185628742516,1.0,0.574468085106383,0.597007722007722
pill,512,last3,8,0.01,0.06518074125051498,0.8957992362247682,0.48502994011976047,1.0,0.3900709219858156,0.46901804199940844
pill,512,last3,8,0.03,0.05156751349568367,0.908619749045281,0.6107784431137725,1.0,0.5390070921985816,0.5724526369687659
pill,512,last3,8,0.05,0.041356202214956284,0.9258046917621385,0.6586826347305389,1.0,0.5957446808510638,0.6118654434250765
pill,512,last3,8,0.1,0.03604058921337128,0.9353518821603929,0.6167664670658682,1.0,0.5460992907801419,0.5773489402087947
pill,512,last3,14,0.01,0.117378368973732,0.8794326241134752,0.40718562874251496,1.0,0.2978723404255319,0.40169362718488766
pill,512,last3,14,0.03,0.07755822688341141,0.8840698308783416,0.5868263473053892,0.9615384615384616,0.5177304964539007,0.5496189173343756
pill,512,last3,14,0.05,0.07040064036846161,0.9018003273322421,0.5508982035928144,1.0,0.46808510638297873,0.5235649891589638
pill,512,last3,14,0.1,0.05726514384150505,0.9203491543917076,0.47904191616766467,1.0,0.3829787234042553,0.46397343663530716
pill,512,last3,20,0.01,0.1073998361825943,0.9088925259138024,0.5329341317365269,1.0,0.44680851063829785,0.5088235294117647
pill,512,last3,20,0.03,0.07753628492355347,0.9342607746863066,0.6706586826347305,1.0,0.6099290780141844,0.6218452797562682
pill,512,last3,20,0.05,0.06831291317939758,0.9432624113475176,0.6646706586826348,1.0,0.6028368794326241,0.6168469354310062
pill,512,last3,20,0.1,0.05605403706431389,0.9446262956901254,0.6467065868263473,1.0,0.5815602836879432,0.6019472387185392
