timestamp,category,mode,image_path,file_name,label,is_anomaly,score_before,anomaly_score,threshold,anomaly_threshold,update_threshold,threshold_reloaded,updated_memory,memory_size,update_allowed,update_loss,adapter_updated,adapter_delta_norm,device,score_method,feature_choice,patch_grid,patch_top_fraction,checkpoint_saved,checkpoint_memory_path,checkpoint_adapter_path,consistency_error,consistency_threshold,score_gate_pass,consistency_gate_pass
2026-08-14 00:26:20,bottle,monitor,C:/cira_batch_test/bottle/good_1.png,good_1.png,normal,False,0.01934286393225193,0.01934286393225193,0.028150248528954157,0.028150248528954157,0.026971996296197176,False,False,16000,False,,False,0.0,cpu,patch_nearest_normal,last2,14,0.05,False,,,0.00011266271758358926,0.002,True,True
2026-08-14 00:26:21,bottle,monitor,C:/cira_batch_test/bottle/good_10.png,good_10.png,normal,False,0.02121943235397339,0.02121943235397339,0.028150248528954157,0.028150248528954157,0.026971996296197176,False,False,16000,False,,False,0.0,cpu,patch_nearest_normal,last2,14,0.05,False,,,0.0001093457467504777,0.002,True,True
2026-08-14 00:26:22,bottle,monitor,C:/cira_batch_test/bottle/good_11.png,good_11.png,normal,False,0.019671058282256126,0.019671058282256126,0.028150248528954157,0.028150248528954157,0.026971996296197176,False,False,16000,False,,False,0.0,cpu,patch_nearest_normal,last2,14,0.05,False,,,0.00010933326120721176,0.002,True,True
2026-08-14 00:26:24,bottle,monitor,C:/cira_batch_test/bottle/good_12.png,good_12.png,normal,False,0.02423235774040222,0.02423235774040222,0.028150248528954157,0.028150248528954157,0.026971996296197176,False,False,16000,False,,False,0.0,cpu,patch_nearest_normal,last2,14,0.05,False,,,0.00010585872951196507,0.002,True,True
2026-08-14 00:26:26,bottle,monitor,C:/cira_batch_test/bottle/good_13.png,good_13.png,normal,False,0.021582698449492455,0.021582698449492455,0.028150248528954157,0.028150248528954157,0.026971996296197176,False,False,16000,False,,False,0.0,cpu,patch_nearest_normal,last2,14,0.05,False,,,0.00011454500781837851,0.002,True,True
2026-08-14 00:26:27,bottle,monitor,C:/cira_batch_test/bottle/good_14.png,good_14.png,normal,False,0.021754782646894455,0.021754782646894455,0.028150248528954157,0.028150248528954157,0.026971996296197176,False,False,16000,False,,False,0.0,cpu,patch_nearest_normal,last2,14,0.05,False,,,0.00011264015483902767,0.002,True,True
2026-08-14 00:26:28,bottle,monitor,C:/cira_batch_test/bottle/good_15.png,good_15.png,normal,False,0.0189898069947958,0.0189898069947958,0.028150248528954157,0.028150248528954157,0.026971996296197176,False,False,16000,False,,False,0.0,cpu,patch_nearest_normal,last2,14,0.05,False,,,0.00010722379374783486,0.002,True,True
2026-08-14 00:26:30,bottle,monitor,C:/cira_batch_test/bottle/good_16.png,good_16.png,normal,False,0.0231745894998312,0.0231745894998312,0.028150248528954157,0.028150248528954157,0.026971996296197176,False,False,16000,False,,False,0.0,cpu,patch_nearest_normal,last2,14,0.05,False,,,0.00010889618715737015,0.002,True,True
2026-08-14 00:26:31,bottle,monitor,C:/cira_batch_test/bottle/good_17.png,good_17.png,normal,False,0.0269205030053854,0.0269205030053854,0.028150248528954157,0.028150248528954157,0.026971996296197176,False,False,16000,False,,False,0.0,cpu,patch_nearest_normal,last2,14,0.05,False,,,0.00011281028855592012,0.002,True,True
2026-08-14 00:26:33,bottle,monitor,C:/cira_batch_test/bottle/good_18.png,good_18.png,normal,False,0.01676567830145359,0.01676567830145359,0.028150248528954157,0.028150248528954157,0.026971996296197176,False,False,16000,False,,False,0.0,cpu,patch_nearest_normal,last2,14,0.05,False,,,0.00010496100730961189,0.002,True,True
2026-08-14 00:26:34,bottle,monitor,C:/cira_batch_test/bottle/good_19.png,good_19.png,normal,False,0.02225806750357151,0.02225806750357151,0.028150248528954157,0.028150248528954157,0.026971996296197176,False,False,16000,False,,False,0.0,cpu,patch_nearest_normal,last2,14,0.05,False,,,0.00010243599535897374,0.002,True,True
2026-08-14 00:26:36,bottle,monitor,C:/cira_batch_test/bottle/good_2.png,good_2.png,normal,False,0.01669655367732048,0.01669655367732048,0.028150248528954157,0.028150248528954157,0.026971996296197176,False,False,16000,False,,False,0.0,cpu,patch_nearest_normal,last2,14,0.05,False,,,0.00010462159116286784,0.002,True,True
2026-08-14 00:26:37,bottle,monitor,C:/cira_batch_test/bottle/good_20.png,good_20.png,normal,False,0.020285893231630325,0.020285893231630325,0.028150248528954157,0.028150248528954157,0.026971996296197176,False,False,16000,False,,False,0.0,cpu,patch_nearest_normal,last2,14,0.05,False,,,0.0001070669895852916,0.002,True,True
2026-08-14 00:26:39,bottle,monitor,C:/cira_batch_test/bottle/good_3.png,good_3.png,normal,False,0.020450621843338013,0.020450621843338013,0.028150248528954157,0.028150248528954157,0.026971996296197176,False,False,16000,False,,False,0.0,cpu,patch_nearest_normal,last2,14,0.05,False,,,0.00011210318189114332,0.002,True,True
2026-08-14 00:26:40,bottle,monitor,C:/cira_batch_test/bottle/good_4.png,good_4.png,normal,False,0.025132352486252785,0.025132352486252785,0.028150248528954157,0.028150248528954157,0.026971996296197176,False,False,16000,False,,False,0.0,cpu,patch_nearest_normal,last2,14,0.05,False,,,0.0001119636363000609,0.002,True,True
2026-08-14 00:26:42,bottle,monitor,C:/cira_batch_test/bottle/good_5.png,good_5.png,normal,False,0.02067738212645054,0.02067738212645054,0.028150248528954157,0.028150248528954157,0.026971996296197176,False,False,16000,False,,False,0.0,cpu,patch_nearest_normal,last2,14,0.05,False,,,0.00011227769573451951,0.002,True,True
2026-08-14 00:26:43,bottle,monitor,C:/cira_batch_test/bottle/good_6.png,good_6.png,normal,False,0.01926659420132637,0.01926659420132637,0.028150248528954157,0.028150248528954157,0.026971996296197176,False,False,16000,False,,False,0.0,cpu,patch_nearest_normal,last2,14,0.05,False,,,0.00010741127334767953,0.002,True,True
2026-08-14 00:26:44,bottle,monitor,C:/cira_batch_test/bottle/good_7.png,good_7.png,normal,False,0.019182676449418068,0.019182676449418068,0.028150248528954157,0.028150248528954157,0.026971996296197176,False,False,16000,False,,False,0.0,cpu,patch_nearest_normal,last2,14,0.05,False,,,0.00011238455772399902,0.002,True,True
2026-08-14 00:26:46,bottle,monitor,C:/cira_batch_test/bottle/good_8.png,good_8.png,normal,False,0.027950799092650414,0.027950799092650414,0.028150248528954157,0.028150248528954157,0.026971996296197176,False,False,16000,False,,False,0.0,cpu,patch_nearest_normal,last2,14,0.05,False,,,0.0001190297698485665,0.002,False,True
2026-08-14 00:26:47,bottle,monitor,C:/cira_batch_test/bottle/good_9.png,good_9.png,normal,False,0.018326694145798683,0.018326694145798683,0.028150248528954157,0.028150248528954157,0.026971996296197176,False,False,16000,False,,False,0.0,cpu,patch_nearest_normal,last2,14,0.05,False,,,0.00010744918836280704,0.002,True,True
2026-08-14 00:26:49,cable,monitor,C:/cira_batch_test/cable/good_1.png,good_1.png,normal,False,0.07609225809574127,0.07609225809574127,0.09852253405708512,0.09852253405708512,0.08911290355026723,False,False,16000,False,,False,0.0,cpu,patch_nearest_normal,last2,14,0.05,False,,,0.0001977451320271939,0.002,True,True
2026-08-14 00:26:50,cable,monitor,C:/cira_batch_test/cable/good_10.png,good_10.png,normal,False,0.05977888032793999,0.05977888032793999,0.09852253405708512,0.09852253405708512,0.08911290355026723,False,False,16000,False,,False,0.0,cpu,patch_nearest_normal,last2,14,0.05,False,,,0.000172713422216475,0.002,True,True
2026-08-14 00:26:52,cable,monitor,C:/cira_batch_test/cable/good_11.png,good_11.png,anomaly,True,0.09862769395112991,0.09862769395112991,0.09852253405708512,0.09852253405708512,0.08911290355026723,False,False,16000,False,,False,0.0,cpu,patch_nearest_normal,last2,14,0.05,False,,,0.0001566929859109223,0.002,False,True
2026-08-14 00:26:55,cable,monitor,C:/cira_batch_test/cable/good_12.png,good_12.png,normal,False,0.07584865391254425,0.07584865391254425,0.09852253405708512,0.09852253405708512,0.08911290355026723,False,False,16000,False,,False,0.0,cpu,patch_nearest_normal,last2,14,0.05,False,,,0.00017957550880964845,0.002,True,True
2026-08-14 00:26:56,cable,monitor,C:/cira_batch_test/cable/good_13.png,good_13.png,normal,False,0.08083046227693558,0.08083046227693558,0.09852253405708512,0.09852253405708512,0.08911290355026723,False,False,16000,False,,False,0.0,cpu,patch_nearest_normal,last2,14,0.05,False,,,0.0001822446211008355,0.002,True,True
2026-08-14 00:26:58,cable,monitor,C:/cira_batch_test/cable/good_14.png,good_14.png,normal,False,0.07996387779712677,0.07996387779712677,0.09852253405708512,0.09852253405708512,0.08911290355026723,False,False,16000,False,,False,0.0,cpu,patch_nearest_normal,last2,14,0.05,False,,,0.00017927284352481365,0.002,True,True
2026-08-14 00:26:59,cable,monitor,C:/cira_batch_test/cable/good_15.png,good_15.png,normal,False,0.07692614197731018,0.07692614197731018,0.09852253405708512,0.09852253405708512,0.08911290355026723,False,False,16000,False,,False,0.0,cpu,patch_nearest_normal,last2,14,0.05,False,,,0.00016938173212110996,0.002,True,True
2026-08-14 00:27:01,cable,monitor,C:/cira_batch_test/cable/good_16.png,good_16.png,normal,False,0.08196644484996796,0.08196644484996796,0.09852253405708512,0.09852253405708512,0.08911290355026723,False,False,16000,False,,False,0.0,cpu,patch_nearest_normal,last2,14,0.05,False,,,0.0001782515610102564,0.002,True,True
2026-08-14 00:27:02,cable,monitor,C:/cira_batch_test/cable/good_17.png,good_17.png,normal,False,0.08638854324817657,0.08638854324817657,0.09852253405708512,0.09852253405708512,0.08911290355026723,False,False,16000,False,,False,0.0,cpu,patch_nearest_normal,last2,14,0.05,False,,,0.00016442070773337036,0.002,True,True
2026-08-14 00:27:04,cable,monitor,C:/cira_batch_test/cable/good_18.png,good_18.png,normal,False,0.07396835833787918,0.07396835833787918,0.09852253405708512,0.09852253405708512,0.08911290355026723,False,False,16000,False,,False,0.0,cpu,patch_nearest_normal,last2,14,0.05,False,,,0.00017668346117716283,0.002,True,True
2026-08-14 00:27:05,cable,monitor,C:/cira_batch_test/cable/good_19.png,good_19.png,normal,False,0.0834323987364769,0.0834323987364769,0.09852253405708512,0.09852253405708512,0.08911290355026723,False,False,16000,False,,False,0.0,cpu,patch_nearest_normal,last2,14,0.05,False,,,0.0001823529601097107,0.002,True,True
2026-08-14 00:27:07,cable,monitor,C:/cira_batch_test/cable/good_2.png,good_2.png,normal,False,0.07293206453323364,0.07293206453323364,0.09852253405708512,0.09852253405708512,0.08911290355026723,False,False,16000,False,,False,0.0,cpu,patch_nearest_normal,last2,14,0.05,False,,,0.000189697602763772,0.002,True,True
2026-08-14 00:27:08,cable,monitor,C:/cira_batch_test/cable/good_20.png,good_20.png,normal,False,0.08050431311130524,0.08050431311130524,0.09852253405708512,0.09852253405708512,0.08911290355026723,False,False,16000,False,,False,0.0,cpu,patch_nearest_normal,last2,14,0.05,False,,,0.0001954264153027907,0.002,True,True
2026-08-14 00:27:10,cable,monitor,C:/cira_batch_test/cable/good_3.png,good_3.png,normal,False,0.07181326299905777,0.07181326299905777,0.09852253405708512,0.09852253405708512,0.08911290355026723,False,False,16000,False,,False,0.0,cpu,patch_nearest_normal,last2,14,0.05,False,,,0.0001486826949985698,0.002,True,True
2026-08-14 00:27:11,cable,monitor,C:/cira_batch_test/cable/good_4.png,good_4.png,normal,False,0.07428833842277527,0.07428833842277527,0.09852253405708512,0.09852253405708512,0.08911290355026723,False,False,16000,False,,False,0.0,cpu,patch_nearest_normal,last2,14,0.05,False,,,0.00015609989350195974,0.002,True,True
2026-08-14 00:27:13,cable,monitor,C:/cira_batch_test/cable/good_5.png,good_5.png,normal,False,0.0672401636838913,0.0672401636838913,0.09852253405708512,0.09852253405708512,0.08911290355026723,False,False,16000,False,,False,0.0,cpu,patch_nearest_normal,last2,14,0.05,False,,,0.00018746771092992276,0.002,True,True
2026-08-14 00:27:14,cable,monitor,C:/cira_batch_test/cable/good_6.png,good_6.png,normal,False,0.08861210197210312,0.08861210197210312,0.09852253405708512,0.09852253405708512,0.08911290355026723,False,False,16000,False,,False,0.0,cpu,patch_nearest_normal,last2,14,0.05,False,,,0.0001627903402550146,0.002,True,True
2026-08-14 00:27:16,cable,monitor,C:/cira_batch_test/cable/good_7.png,good_7.png,normal,False,0.06405709683895111,0.06405709683895111,0.09852253405708512,0.09852253405708512,0.08911290355026723,False,False,16000,False,,False,0.0,cpu,patch_nearest_normal,last2,14,0.05,False,,,0.00013927016698289663,0.002,True,True
2026-08-14 00:27:17,cable,monitor,C:/cira_batch_test/cable/good_8.png,good_8.png,normal,False,0.07471676915884018,0.07471676915884018,0.09852253405708512,0.09852253405708512,0.08911290355026723,False,False,16000,False,,False,0.0,cpu,patch_nearest_normal,last2,14,0.05,False,,,0.00014699064195156097,0.002,True,True
2026-08-14 00:27:19,cable,monitor,C:/cira_batch_test/cable/good_9.png,good_9.png,normal,False,0.07334888726472855,0.07334888726472855,0.09852253405708512,0.09852253405708512,0.08911290355026723,False,False,16000,False,,False,0.0,cpu,patch_nearest_normal,last2,14,0.05,False,,,0.00017578367260284722,0.002,True,True
2026-08-14 00:27:20,capsule,monitor,C:/cira_batch_test/capsule/good_1.png,good_1.png,normal,False,0.031616322696208954,0.031616322696208954,0.042994875565722686,0.042994875565722686,0.03221273720264436,False,False,16000,False,,False,0.0,cpu,patch_nearest_normal,last2,14,0.05,False,,,9.98284958768636e-05,0.002,True,True
2026-08-14 00:27:22,capsule,monitor,C:/cira_batch_test/capsule/good_10.png,good_10.png,normal,False,0.01961258053779602,0.01961258053779602,0.042994875565722686,0.042994875565722686,0.03221273720264436,False,False,16000,False,,False,0.0,cpu,patch_nearest_normal,last2,14,0.05,False,,,9.943664917955175e-05,0.002,True,True
2026-08-14 00:27:24,capsule,monitor,C:/cira_batch_test/capsule/good_11.png,good_11.png,normal,False,0.017551898956298828,0.017551898956298828,0.042994875565722686,0.042994875565722686,0.03221273720264436,False,False,16000,False,,False,0.0,cpu,patch_nearest_normal,last2,14,0.05,False,,,9.00184822967276e-05,0.002,True,True
2026-08-14 00:27:27,capsule,monitor,C:/cira_batch_test/capsule/good_12.png,good_12.png,normal,False,0.02686815895140171,0.02686815895140171,0.042994875565722686,0.042994875565722686,0.03221273720264436,False,False,16000,False,,False,0.0,cpu,patch_nearest_normal,last2,14,0.05,False,,,9.926650091074407e-05,0.002,True,True
2026-08-14 00:27:28,capsule,monitor,C:/cira_batch_test/capsule/good_13.png,good_13.png,normal,False,0.023061741143465042,0.023061741143465042,0.042994875565722686,0.042994875565722686,0.03221273720264436,False,False,16000,False,,False,0.0,cpu,patch_nearest_normal,last2,14,0.05,False,,,0.00010069649579236284,0.002,True,True
2026-08-14 00:27:29,capsule,monitor,C:/cira_batch_test/capsule/good_14.png,good_14.png,normal,False,0.02973002754151821,0.02973002754151821,0.042994875565722686,0.042994875565722686,0.03221273720264436,False,False,16000,False,,False,0.0,cpu,patch_nearest_normal,last2,14,0.05,False,,,0.00010521685180719942,0.002,True,True
2026-08-14 00:27:31,capsule,monitor,C:/cira_batch_test/capsule/good_15.png,good_15.png,anomaly,True,0.043544452637434006,0.043544452637434006,0.042994875565722686,0.042994875565722686,0.03221273720264436,False,False,16000,False,,False,0.0,cpu,patch_nearest_normal,last2,14,0.05,False,,,0.00011790895223384723,0.002,False,True
2026-08-14 00:27:32,capsule,monitor,C:/cira_batch_test/capsule/good_16.png,good_16.png,normal,False,0.024459928274154663,0.024459928274154663,0.042994875565722686,0.042994875565722686,0.03221273720264436,False,False,16000,False,,False,0.0,cpu,patch_nearest_normal,last2,14,0.05,False,,,0.00010770047811092809,0.002,True,True
2026-08-14 00:27:34,capsule,monitor,C:/cira_batch_test/capsule/good_17.png,good_17.png,normal,False,0.02990661934018135,0.02990661934018135,0.042994875565722686,0.042994875565722686,0.03221273720264436,False,False,16000,False,,False,0.0,cpu,patch_nearest_normal,last2,14,0.05,False,,,0.00011039366654586047,0.002,True,True
2026-08-14 00:27:35,capsule,monitor,C:/cira_batch_test/capsule/good_18.png,good_18.png,normal,False,0.0255624707788229,0.0255624707788229,0.042994875565722686,0.042994875565722686,0.03221273720264436,False,False,16000,False,,False,0.0,cpu,patch_nearest_normal,last2,14,0.05,False,,,0.00010516783368075266,0.002,True,True
2026-08-14 00:27:37,capsule,monitor,C:/cira_batch_test/capsule/good_19.png,good_19.png,normal,False,0.025195425376296043,0.025195425376296043,0.042994875565722686,0.042994875565722686,0.03221273720264436,False,False,16000,False,,False,0.0,cpu,patch_nearest_normal,last2,14,0.05,False,,,9.766574657987803e-05,0.002,True,True
2026-08-14 00:27:38,capsule,monitor,C:/cira_batch_test/capsule/good_2.png,good_2.png,normal,False,0.02268661931157112,0.02268661931157112,0.042994875565722686,0.042994875565722686,0.03221273720264436,False,False,16000,False,,False,0.0,cpu,patch_nearest_normal,last2,14,0.05,False,,,0.00010068401752505451,0.002,True,True
2026-08-14 00:27:40,capsule,monitor,C:/cira_batch_test/capsule/good_20.png,good_20.png,normal,False,0.021169960498809814,0.021169960498809814,0.042994875565722686,0.042994875565722686,0.03221273720264436,False,False,16000,False,,False,0.0,cpu,patch_nearest_normal,last2,14,0.05,False,,,0.00010303116869181395,0.002,True,True
2026-08-14 00:27:41,capsule,monitor,C:/cira_batch_test/capsule/good_3.png,good_3.png,normal,False,0.031071508303284645,0.031071508303284645,0.042994875565722686,0.042994875565722686,0.03221273720264436,False,False,16000,False,,False,0.0,cpu,patch_nearest_normal,last2,14,0.05,False,,,9.987997327698395e-05,0.002,True,True
2026-08-14 00:27:43,capsule,monitor,C:/cira_batch_test/capsule/good_4.png,good_4.png,normal,False,0.031188661232590675,0.031188661232590675,0.042994875565722686,0.042994875565722686,0.03221273720264436,False,False,16000,False,,False,0.0,cpu,patch_nearest_normal,last2,14,0.05,False,,,0.00010578920773696154,0.002,True,True
2026-08-14 00:27:44,capsule,monitor,C:/cira_batch_test/capsule/good_5.png,good_5.png,normal,False,0.027696650475263596,0.027696650475263596,0.042994875565722686,0.042994875565722686,0.03221273720264436,False,False,16000,False,,False,0.0,cpu,patch_nearest_normal,last2,14,0.05,False,,,0.00010749057400971651,0.002,True,True
2026-08-14 00:27:46,capsule,monitor,C:/cira_batch_test/capsule/good_6.png,good_6.png,normal,False,0.018451601266860962,0.018451601266860962,0.042994875565722686,0.042994875565722686,0.03221273720264436,False,False,16000,False,,False,0.0,cpu,patch_nearest_normal,last2,14,0.05,False,,,0.00010097499762196094,0.002,True,True
2026-08-14 00:27:47,capsule,monitor,C:/cira_batch_test/capsule/good_7.png,good_7.png,normal,False,0.02215699478983879,0.02215699478983879,0.042994875565722686,0.042994875565722686,0.03221273720264436,False,False,16000,False,,False,0.0,cpu,patch_nearest_normal,last2,14,0.05,False,,,0.00010064921661978588,0.002,True,True
2026-08-14 00:27:49,capsule,monitor,C:/cira_batch_test/capsule/good_8.png,good_8.png,normal,False,0.02792789414525032,0.02792789414525032,0.042994875565722686,0.042994875565722686,0.03221273720264436,False,False,16000,False,,False,0.0,cpu,patch_nearest_normal,last2,14,0.05,False,,,9.274758485844359e-05,0.002,True,True
2026-08-14 00:27:50,capsule,monitor,C:/cira_batch_test/capsule/good_9.png,good_9.png,normal,False,0.021249841898679733,0.021249841898679733,0.042994875565722686,0.042994875565722686,0.03221273720264436,False,False,16000,False,,False,0.0,cpu,patch_nearest_normal,last2,14,0.05,False,,,9.686663543106988e-05,0.002,True,True
2026-08-14 00:27:52,carpet,monitor,C:/cira_batch_test/carpet/good_1.png,good_1.png,normal,False,0.02806074544787407,0.02806074544787407,0.03434173590705805,0.03434173590705805,0.03388186469674111,False,False,16000,False,,False,0.0,cpu,patch_nearest_normal,last2,14,0.05,False,,,4.968536086380482e-05,0.002,True,True
2026-08-14 00:27:53,carpet,monitor,C:/cira_batch_test/carpet/good_10.png,good_10.png,normal,False,0.022854793816804886,0.022854793816804886,0.03434173590705805,0.03434173590705805,0.03388186469674111,False,False,16000,False,,False,0.0,cpu,patch_nearest_normal,last2,14,0.05,False,,,4.866078597842716e-05,0.002,True,True
2026-08-14 00:27:55,carpet,monitor,C:/cira_batch_test/carpet/good_11.png,good_11.png,normal,False,0.026569122448563576,0.026569122448563576,0.03434173590705805,0.03434173590705805,0.03388186469674111,False,False,16000,False,,False,0.0,cpu,patch_nearest_normal,last2,14,0.05,False,,,4.422049823915586e-05,0.002,True,True
2026-08-14 00:27:56,carpet,monitor,C:/cira_batch_test/carpet/good_12.png,good_12.png,normal,False,0.021403318271040916,0.021403318271040916,0.03434173590705805,0.03434173590705805,0.03388186469674111,False,False,16000,False,,False,0.0,cpu,patch_nearest_normal,last2,14,0.05,False,,,5.352689913706854e-05,0.002,True,True
2026-08-14 00:27:58,carpet,monitor,C:/cira_batch_test/carpet/good_13.png,good_13.png,normal,False,0.026333671063184738,0.026333671063184738,0.03434173590705805,0.03434173590705805,0.03388186469674111,False,False,16000,False,,False,0.0,cpu,patch_nearest_normal,last2,14,0.05,False,,,5.207904541748576e-05,0.002,True,True
2026-08-14 00:27:59,carpet,monitor,C:/cira_batch_test/carpet/good_14.png,good_14.png,normal,False,0.03365463763475418,0.03365463763475418,0.03434173590705805,0.03434173590705805,0.03388186469674111,False,False,16000,False,,False,0.0,cpu,patch_nearest_normal,last2,14,0.05,False,,,5.1258120947750285e-05,0.002,True,True
2026-08-14 00:28:01,carpet,monitor,C:/cira_batch_test/carpet/good_15.png,good_15.png,normal,False,0.026052206754684448,0.026052206754684448,0.03434173590705805,0.03434173590705805,0.03388186469674111,False,False,16000,False,,False,0.0,cpu,patch_nearest_normal,last2,14,0.05,False,,,6.103359191911295e-05,0.002,True,True
2026-08-14 00:28:02,carpet,monitor,C:/cira_batch_test/carpet/good_16.png,good_16.png,normal,False,0.023185372352600098,0.023185372352600098,0.03434173590705805,0.03434173590705805,0.03388186469674111,False,False,16000,False,,False,0.0,cpu,patch_nearest_normal,last2,14,0.05,False,,,5.610961306956597e-05,0.002,True,True
2026-08-14 00:28:04,carpet,monitor,C:/cira_batch_test/carpet/good_17.png,good_17.png,normal,False,0.024562370032072067,0.024562370032072067,0.03434173590705805,0.03434173590705805,0.03388186469674111,False,False,16000,False,,False,0.0,cpu,patch_nearest_normal,last2,14,0.05,False,,,5.2767158194910735e-05,0.002,True,True
2026-08-14 00:28:05,carpet,monitor,C:/cira_batch_test/carpet/good_18.png,good_18.png,normal,False,0.02435014769434929,0.02435014769434929,0.03434173590705805,0.03434173590705805,0.03388186469674111,False,False,16000,False,,False,0.0,cpu,patch_nearest_normal,last2,14,0.05,False,,,4.103003448108211e-05,0.002,True,True
2026-08-14 00:28:07,carpet,monitor,C:/cira_batch_test/carpet/good_19.png,good_19.png,normal,False,0.03395600989460945,0.03395600989460945,0.03434173590705805,0.03434173590705805,0.03388186469674111,False,False,16000,False,,False,0.0,cpu,patch_nearest_normal,last2,14,0.05,False,,,5.5541469919262454e-05,0.002,False,True
2026-08-14 00:28:08,carpet,monitor,C:/cira_batch_test/carpet/good_2.png,good_2.png,normal,False,0.025198083370923996,0.025198083370923996,0.03434173590705805,0.03434173590705805,0.03388186469674111,False,False,16000,False,,False,0.0,cpu,patch_nearest_normal,last2,14,0.05,False,,,4.8080019041663036e-05,0.002,True,True
2026-08-14 00:28:10,carpet,monitor,C:/cira_batch_test/carpet/good_20.png,good_20.png,normal,False,0.03387795761227608,0.03387795761227608,0.03434173590705805,0.03434173590705805,0.03388186469674111,False,False,16000,False,,False,0.0,cpu,patch_nearest_normal,last2,14,0.05,False,,,4.657963290810585e-05,0.002,True,True
2026-08-14 00:28:11,carpet,monitor,C:/cira_batch_test/carpet/good_3.png,good_3.png,normal,False,0.024771619588136673,0.024771619588136673,0.03434173590705805,0.03434173590705805,0.03388186469674111,False,False,16000,False,,False,0.0,cpu,patch_nearest_normal,last2,14,0.05,False,,,5.117433829582296e-05,0.002,True,True
2026-08-14 00:28:13,carpet,monitor,C:/cira_batch_test/carpet/good_4.png,good_4.png,normal,False,0.03099048137664795,0.03099048137664795,0.03434173590705805,0.03434173590705805,0.03388186469674111,False,False,16000,False,,False,0.0,cpu,patch_nearest_normal,last2,14,0.05,False,,,5.440741733764298e-05,0.002,True,True
2026-08-14 00:28:14,carpet,monitor,C:/cira_batch_test/carpet/good_5.png,good_5.png,normal,False,0.0197925865650177,0.0197925865650177,0.03434173590705805,0.03434173590705805,0.03388186469674111,False,False,16000,False,,False,0.0,cpu,patch_nearest_normal,last2,14,0.05,False,,,5.036753645981662e-05,0.002,True,True
2026-08-14 00:28:16,carpet,monitor,C:/cira_batch_test/carpet/good_6.png,good_6.png,normal,False,0.023408155888319016,0.023408155888319016,0.03434173590705805,0.03434173590705805,0.03388186469674111,False,False,16000,False,,False,0.0,cpu,patch_nearest_normal,last2,14,0.05,False,,,4.518724017543718e-05,0.002,True,True
2026-08-14 00:28:17,carpet,monitor,C:/cira_batch_test/carpet/good_7.png,good_7.png,normal,False,0.025353336706757545,0.025353336706757545,0.03434173590705805,0.03434173590705805,0.03388186469674111,False,False,16000,False,,False,0.0,cpu,patch_nearest_normal,last2,14,0.05,False,,,5.2540846809279174e-05,0.002,True,True
2026-08-14 00:28:19,carpet,monitor,C:/cira_batch_test/carpet/good_8.png,good_8.png,normal,False,0.02486596070230007,0.02486596070230007,0.03434173590705805,0.03434173590705805,0.03388186469674111,False,False,16000,False,,False,0.0,cpu,patch_nearest_normal,last2,14,0.05,False,,,6.259307701839134e-05,0.002,True,True
2026-08-14 00:28:20,carpet,monitor,C:/cira_batch_test/carpet/good_9.png,good_9.png,normal,False,0.02418423257768154,0.02418423257768154,0.03434173590705805,0.03434173590705805,0.03388186469674111,False,False,16000,False,,False,0.0,cpu,patch_nearest_normal,last2,14,0.05,False,,,5.210409653955139e-05,0.002,True,True
2026-08-14 00:28:22,grid,monitor,C:/cira_batch_test/grid/good_1.png,good_1.png,normal,False,0.032720305025577545,0.032720305025577545,0.05371414880283681,0.05371414880283681,0.049720141850411896,False,False,16000,False,,False,0.0,cpu,patch_nearest_normal,last2,14,0.05,False,,,0.00016781377780716866,0.002,True,True
2026-08-14 00:28:23,grid,monitor,C:/cira_batch_test/grid/good_10.png,good_10.png,normal,False,0.04139355942606926,0.04139355942606926,0.05371414880283681,0.05371414880283681,0.049720141850411896,False,False,16000,False,,False,0.0,cpu,patch_nearest_normal,last2,14,0.05,False,,,0.00012503366451710463,0.002,True,True
2026-08-14 00:28:25,grid,monitor,C:/cira_batch_test/grid/good_11.png,good_11.png,normal,False,0.05343456193804741,0.05343456193804741,0.05371414880283681,0.05371414880283681,0.049720141850411896,False,False,16000,False,,False,0.0,cpu,patch_nearest_normal,last2,14,0.05,False,,,0.00013039908662904054,0.002,False,True
2026-08-14 00:28:26,grid,monitor,C:/cira_batch_test/grid/good_12.png,good_12.png,normal,False,0.0324011854827404,0.0324011854827404,0.05371414880283681,0.05371414880283681,0.049720141850411896,False,False,16000,False,,False,0.0,cpu,patch_nearest_normal,last2,14,0.05,False,,,0.00014616393309552222,0.002,True,True
2026-08-14 00:28:28,grid,monitor,C:/cira_batch_test/grid/good_13.png,good_13.png,normal,False,0.033244501799345016,0.033244501799345016,0.05371414880283681,0.05371414880283681,0.049720141850411896,False,False,16000,False,,False,0.0,cpu,patch_nearest_normal,last2,14,0.05,False,,,0.00011233209079364315,0.002,True,True
2026-08-14 00:28:29,grid,monitor,C:/cira_batch_test/grid/good_14.png,good_14.png,normal,False,0.043061088770627975,0.043061088770627975,0.05371414880283681,0.05371414880283681,0.049720141850411896,False,False,16000,False,,False,0.0,cpu,patch_nearest_normal,last2,14,0.05,False,,,0.0001480786013416946,0.002,True,True
2026-08-14 00:28:31,grid,monitor,C:/cira_batch_test/grid/good_15.png,good_15.png,normal,False,0.03907809779047966,0.03907809779047966,0.05371414880283681,0.05371414880283681,0.049720141850411896,False,False,16000,False,,False,0.0,cpu,patch_nearest_normal,last2,14,0.05,False,,,0.00011334155715303496,0.002,True,True
2026-08-14 00:28:32,grid,monitor,C:/cira_batch_test/grid/good_16.png,good_16.png,normal,False,0.03492838144302368,0.03492838144302368,0.05371414880283681,0.05371414880283681,0.049720141850411896,False,False,16000,False,,False,0.0,cpu,patch_nearest_normal,last2,14,0.05,False,,,0.00012590271944645792,0.002,True,True
2026-08-14 00:28:34,grid,monitor,C:/cira_batch_test/grid/good_17.png,good_17.png,normal,False,0.03730323165655136,0.03730323165655136,0.05371414880283681,0.05371414880283681,0.049720141850411896,False,False,16000,False,,False,0.0,cpu,patch_nearest_normal,last2,14,0.05,False,,,9.661161311669275e-05,0.002,True,True
2026-08-14 00:28:35,grid,monitor,C:/cira_batch_test/grid/good_18.png,good_18.png,normal,False,0.032196152955293655,0.032196152955293655,0.05371414880283681,0.05371414880283681,0.049720141850411896,False,False,16000,False,,False,0.0,cpu,patch_nearest_normal,last2,14,0.05,False,,,0.00011317513417452574,0.002,True,True
2026-08-14 00:28:36,grid,monitor,C:/cira_batch_test/grid/good_19.png,good_19.png,normal,False,0.03621862456202507,0.03621862456202507,0.05371414880283681,0.05371414880283681,0.049720141850411896,False,False,16000,False,,False,0.0,cpu,patch_nearest_normal,last2,14,0.05,False,,,8.758474723435938e-05,0.002,True,True
2026-08-14 00:28:38,grid,monitor,C:/cira_batch_test/grid/good_2.png,good_2.png,normal,False,0.04952464625239372,0.04952464625239372,0.05371414880283681,0.05371414880283681,0.049720141850411896,False,False,16000,False,,False,0.0,cpu,patch_nearest_normal,last2,14,0.05,False,,,0.00016054090519901365,0.002,True,True
2026-08-14 00:28:39,grid,monitor,C:/cira_batch_test/grid/good_20.png,good_20.png,normal,False,0.04157216101884842,0.04157216101884842,0.05371414880283681,0.05371414880283681,0.049720141850411896,False,False,16000,False,,False,0.0,cpu,patch_nearest_normal,last2,14,0.05,False,,,0.00015799302491359413,0.002,True,True
2026-08-14 00:28:41,grid,monitor,C:/cira_batch_test/grid/good_3.png,good_3.png,normal,False,0.048579417169094086,0.048579417169094086,0.05371414880283681,0.05371414880283681,0.049720141850411896,False,False,16000,False,,False,0.0,cpu,patch_nearest_normal,last2,14,0.05,False,,,0.00025944315711967647,0.002,True,True
2026-08-14 00:28:42,grid,monitor,C:/cira_batch_test/grid/good_4.png,good_4.png,normal,False,0.039889395236968994,0.039889395236968994,0.05371414880283681,0.05371414880283681,0.049720141850411896,False,False,16000,False,,False,0.0,cpu,patch_nearest_normal,last2,14,0.05,False,,,0.0001996128703467548,0.002,True,True
2026-08-14 00:28:44,grid,monitor,C:/cira_batch_test/grid/good_5.png,good_5.png,normal,False,0.04482968896627426,0.04482968896627426,0.05371414880283681,0.05371414880283681,0.049720141850411896,False,False,16000,False,,False,0.0,cpu,patch_nearest_normal,last2,14,0.05,False,,,0.00015172615530900657,0.002,True,True
2026-08-14 00:28:45,grid,monitor,C:/cira_batch_test/grid/good_6.png,good_6.png,normal,False,0.04804834723472595,0.04804834723472595,0.05371414880283681,0.05371414880283681,0.049720141850411896,False,False,16000,False,,False,0.0,cpu,patch_nearest_normal,last2,14,0.05,False,,,0.00012347337906248868,0.002,True,True
2026-08-14 00:28:47,grid,monitor,C:/cira_batch_test/grid/good_7.png,good_7.png,normal,False,0.04887506365776062,0.04887506365776062,0.05371414880283681,0.05371414880283681,0.049720141850411896,False,False,16000,False,,False,0.0,cpu,patch_nearest_normal,last2,14,0.05,False,,,0.00013592613686341792,0.002,True,True
2026-08-14 00:28:48,grid,monitor,C:/cira_batch_test/grid/good_8.png,good_8.png,normal,False,0.035941433161497116,0.035941433161497116,0.05371414880283681,0.05371414880283681,0.049720141850411896,False,False,16000,False,,False,0.0,cpu,patch_nearest_normal,last2,14,0.05,False,,,0.00012568112288136035,0.002,True,True
2026-08-14 00:28:50,grid,monitor,C:/cira_batch_test/grid/good_9.png,good_9.png,normal,False,0.033474940806627274,0.033474940806627274,0.05371414880283681,0.05371414880283681,0.049720141850411896,False,False,16000,False,,False,0.0,cpu,patch_nearest_normal,last2,14,0.05,False,,,0.00017828246927820146,0.002,True,True
2026-08-14 00:28:52,hazelnut,monitor,C:/cira_batch_test/hazelnut/good_1.png,good_1.png,normal,False,0.09967116266489029,0.09967116266489029,0.11622387224474043,0.11622387224474043,0.11267729848623276,False,False,16000,False,,False,0.0,cpu,patch_nearest_normal,last2,14,0.05,False,,,0.0001477827172493562,0.002,True,True
2026-08-14 00:28:53,hazelnut,monitor,C:/cira_batch_test/hazelnut/good_10.png,good_10.png,normal,False,0.10746345669031143,0.10746345669031143,0.11622387224474043,0.11622387224474043,0.11267729848623276,False,False,16000,False,,False,0.0,cpu,patch_nearest_normal,last2,14,0.05,False,,,0.00015164524666033685,0.002,True,True
2026-08-14 00:28:54,hazelnut,monitor,C:/cira_batch_test/hazelnut/good_11.png,good_11.png,normal,False,0.1064106822013855,0.1064106822013855,0.11622387224474043,0.11622387224474043,0.11267729848623276,False,False,16000,False,,False,0.0,cpu,patch_nearest_normal,last2,14,0.05,False,,,0.00016114706522785127,0.002,True,True
2026-08-14 00:28:56,hazelnut,monitor,C:/cira_batch_test/hazelnut/good_12.png,good_12.png,normal,False,0.10249068588018417,0.10249068588018417,0.11622387224474043,0.11622387224474043,0.11267729848623276,False,False,16000,False,,False,0.0,cpu,patch_nearest_normal,last2,14,0.05,False,,,0.00015684845857322216,0.002,True,True
2026-08-14 00:28:57,hazelnut,monitor,C:/cira_batch_test/hazelnut/good_13.png,good_13.png,normal,False,0.10425355285406113,0.10425355285406113,0.11622387224474043,0.11622387224474043,0.11267729848623276,False,False,16000,False,,False,0.0,cpu,patch_nearest_normal,last2,14,0.05,False,,,0.0001336424465989694,0.002,True,True
2026-08-14 00:28:59,hazelnut,monitor,C:/cira_batch_test/hazelnut/good_14.png,good_14.png,normal,False,0.09517794102430344,0.09517794102430344,0.11622387224474043,0.11622387224474043,0.11267729848623276,False,False,16000,False,,False,0.0,cpu,patch_nearest_normal,last2,14,0.05,False,,,0.00015002803411334753,0.002,True,True
2026-08-14 00:29:00,hazelnut,monitor,C:/cira_batch_test/hazelnut/good_15.png,good_15.png,normal,False,0.11589665710926056,0.11589665710926056,0.11622387224474043,0.11622387224474043,0.11267729848623276,False,False,16000,False,,False,0.0,cpu,patch_nearest_normal,last2,14,0.05,False,,,0.00016700084961485118,0.002,False,True
2026-08-14 00:29:02,hazelnut,monitor,C:/cira_batch_test/hazelnut/good_16.png,good_16.png,normal,False,0.10743286460638046,0.10743286460638046,0.11622387224474043,0.11622387224474043,0.11267729848623276,False,False,16000,False,,False,0.0,cpu,patch_nearest_normal,last2,14,0.05,False,,,0.0001716359838610515,0.002,True,True
2026-08-14 00:29:03,hazelnut,monitor,C:/cira_batch_test/hazelnut/good_17.png,good_17.png,normal,False,0.11026138067245483,0.11026138067245483,0.11622387224474043,0.11622387224474043,0.11267729848623276,False,False,16000,False,,False,0.0,cpu,patch_nearest_normal,last2,14,0.05,False,,,0.0001663601433392614,0.002,True,True
2026-08-14 00:29:05,hazelnut,monitor,C:/cira_batch_test/hazelnut/good_18.png,good_18.png,normal,False,0.10021351277828217,0.10021351277828217,0.11622387224474043,0.11622387224474043,0.11267729848623276,False,False,16000,False,,False,0.0,cpu,patch_nearest_normal,last2,14,0.05,False,,,0.00016003324708435684,0.002,True,True
2026-08-14 00:29:06,hazelnut,monitor,C:/cira_batch_test/hazelnut/good_19.png,good_19.png,normal,False,0.10392928123474121,0.10392928123474121,0.11622387224474043,0.11622387224474043,0.11267729848623276,False,False,16000,False,,False,0.0,cpu,patch_nearest_normal,last2,14,0.05,False,,,0.0001382312475470826,0.002,True,True
2026-08-14 00:29:08,hazelnut,monitor,C:/cira_batch_test/hazelnut/good_2.png,good_2.png,normal,False,0.0911315456032753,0.0911315456032753,0.11622387224474043,0.11622387224474043,0.11267729848623276,False,False,16000,False,,False,0.0,cpu,patch_nearest_normal,last2,14,0.05,False,,,0.00017716076399665326,0.002,True,True
2026-08-14 00:29:10,hazelnut,monitor,C:/cira_batch_test/hazelnut/good_20.png,good_20.png,normal,False,0.10799701511859894,0.10799701511859894,0.11622387224474043,0.11622387224474043,0.11267729848623276,False,False,16000,False,,False,0.0,cpu,patch_nearest_normal,last2,14,0.05,False,,,0.0001875710440799594,0.002,True,True
2026-08-14 00:29:11,hazelnut,monitor,C:/cira_batch_test/hazelnut/good_3.png,good_3.png,normal,False,0.10254956781864166,0.10254956781864166,0.11622387224474043,0.11622387224474043,0.11267729848623276,False,False,16000,False,,False,0.0,cpu,patch_nearest_normal,last2,14,0.05,False,,,0.00012432078074198216,0.002,True,True
2026-08-14 00:29:13,hazelnut,monitor,C:/cira_batch_test/hazelnut/good_4.png,good_4.png,normal,False,0.10340163856744766,0.10340163856744766,0.11622387224474043,0.11622387224474043,0.11267729848623276,False,False,16000,False,,False,0.0,cpu,patch_nearest_normal,last2,14,0.05,False,,,0.00014123388973530382,0.002,True,True
2026-08-14 00:29:14,hazelnut,monitor,C:/cira_batch_test/hazelnut/good_5.png,good_5.png,normal,False,0.11250786483287811,0.11250786483287811,0.11622387224474043,0.11622387224474043,0.11267729848623276,False,False,16000,False,,False,0.0,cpu,patch_nearest_normal,last2,14,0.05,False,,,0.00012966750364284962,0.002,True,True
2026-08-14 00:29:15,hazelnut,monitor,C:/cira_batch_test/hazelnut/good_6.png,good_6.png,normal,False,0.0957857295870781,0.0957857295870781,0.11622387224474043,0.11622387224474043,0.11267729848623276,False,False,16000,False,,False,0.0,cpu,patch_nearest_normal,last2,14,0.05,False,,,0.0001494899479439482,0.002,True,True
2026-08-14 00:29:17,hazelnut,monitor,C:/cira_batch_test/hazelnut/good_7.png,good_7.png,normal,False,0.09195945411920547,0.09195945411920547,0.11622387224474043,0.11622387224474043,0.11267729848623276,False,False,16000,False,,False,0.0,cpu,patch_nearest_normal,last2,14,0.05,False,,,0.00019052225979976356,0.002,True,True
2026-08-14 00:29:18,hazelnut,monitor,C:/cira_batch_test/hazelnut/good_8.png,good_8.png,normal,False,0.09540678560733795,0.09540678560733795,0.11622387224474043,0.11622387224474043,0.11267729848623276,False,False,16000,False,,False,0.0,cpu,patch_nearest_normal,last2,14,0.05,False,,,0.00016966002294793725,0.002,True,True
2026-08-14 00:29:20,hazelnut,monitor,C:/cira_batch_test/hazelnut/good_9.png,good_9.png,normal,False,0.10136600583791733,0.10136600583791733,0.11622387224474043,0.11622387224474043,0.11267729848623276,False,False,16000,False,,False,0.0,cpu,patch_nearest_normal,last2,14,0.05,False,,,0.00014637043932452798,0.002,True,True
2026-08-14 00:29:22,leather,monitor,C:/cira_batch_test/leather/good_1.png,good_1.png,normal,False,0.029186885803937912,0.029186885803937912,0.034171744241873594,0.034171744241873594,0.031012375839054588,False,False,16000,False,,False,0.0,cpu,patch_nearest_normal,last2,14,0.05,False,,,0.00017041433602571487,0.002,True,True
2026-08-14 00:29:23,leather,monitor,C:/cira_batch_test/leather/good_10.png,good_10.png,normal,False,0.026292484253644943,0.026292484253644943,0.034171744241873594,0.034171744241873594,0.031012375839054588,False,False,16000,False,,False,0.0,cpu,patch_nearest_normal,last2,14,0.05,False,,,0.00020939134992659092,0.002,True,True
2026-08-14 00:29:25,leather,monitor,C:/cira_batch_test/leather/good_11.png,good_11.png,normal,False,0.030281860381364822,0.030281860381364822,0.034171744241873594,0.034171744241873594,0.031012375839054588,False,False,16000,False,,False,0.0,cpu,patch_nearest_normal,last2,14,0.05,False,,,0.000214546118513681,0.002,True,True
2026-08-14 00:29:26,leather,monitor,C:/cira_batch_test/leather/good_12.png,good_12.png,normal,False,0.030841141939163208,0.030841141939163208,0.034171744241873594,0.034171744241873594,0.031012375839054588,False,False,16000,False,,False,0.0,cpu,patch_nearest_normal,last2,14,0.05,False,,,0.0002113328519044444,0.002,True,True
2026-08-14 00:29:28,leather,monitor,C:/cira_batch_test/leather/good_13.png,good_13.png,normal,False,0.026169633492827415,0.026169633492827415,0.034171744241873594,0.034171744241873594,0.031012375839054588,False,False,16000,False,,False,0.0,cpu,patch_nearest_normal,last2,14,0.05,False,,,0.00021557514264713973,0.002,True,True
2026-08-14 00:29:29,leather,monitor,C:/cira_batch_test/leather/good_14.png,good_14.png,normal,False,0.027774780988693237,0.027774780988693237,0.034171744241873594,0.034171744241873594,0.031012375839054588,False,False,16000,False,,False,0.0,cpu,patch_nearest_normal,last2,14,0.05,False,,,0.00019640312530100346,0.002,True,True
2026-08-14 00:29:31,leather,monitor,C:/cira_batch_test/leather/good_15.png,good_15.png,normal,False,0.024828022345900536,0.024828022345900536,0.034171744241873594,0.034171744241873594,0.031012375839054588,False,False,16000,False,,False,0.0,cpu,patch_nearest_normal,last2,14,0.05,False,,,0.00019567980780266225,0.002,True,True
2026-08-14 00:29:32,leather,monitor,C:/cira_batch_test/leather/good_16.png,good_16.png,normal,False,0.026696491986513138,0.026696491986513138,0.034171744241873594,0.034171744241873594,0.031012375839054588,False,False,16000,False,,False,0.0,cpu,patch_nearest_normal,last2,14,0.05,False,,,0.00021914782701060176,0.002,True,True
2026-08-14 00:29:34,leather,monitor,C:/cira_batch_test/leather/good_17.png,good_17.png,normal,False,0.02831433340907097,0.02831433340907097,0.034171744241873594,0.034171744241873594,0.031012375839054588,False,False,16000,False,,False,0.0,cpu,patch_nearest_normal,last2,14,0.05,False,,,0.0001944371178979054,0.002,True,True
2026-08-14 00:29:35,leather,monitor,C:/cira_batch_test/leather/good_18.png,good_18.png,normal,False,0.026519929990172386,0.026519929990172386,0.034171744241873594,0.034171744241873594,0.031012375839054588,False,False,16000,False,,False,0.0,cpu,patch_nearest_normal,last2,14,0.05,False,,,0.00020961380505468696,0.002,True,True
2026-08-14 00:29:37,leather,monitor,C:/cira_batch_test/leather/good_19.png,good_19.png,normal,False,0.02760099247097969,0.02760099247097969,0.034171744241873594,0.034171744241873594,0.031012375839054588,False,False,16000,False,,False,0.0,cpu,patch_nearest_normal,last2,14,0.05,False,,,0.0001784995838534087,0.002,True,True
2026-08-14 00:29:38,leather,monitor,C:/cira_batch_test/leather/good_2.png,good_2.png,normal,False,0.030711084604263306,0.030711084604263306,0.034171744241873594,0.034171744241873594,0.031012375839054588,False,False,16000,False,,False,0.0,cpu,patch_nearest_normal,last2,14,0.05,False,,,0.00017287822265643626,0.002,True,True
2026-08-14 00:29:40,leather,monitor,C:/cira_batch_test/leather/good_20.png,good_20.png,normal,False,0.029164880514144897,0.029164880514144897,0.034171744241873594,0.034171744241873594,0.031012375839054588,False,False,16000,False,,False,0.0,cpu,patch_nearest_normal,last2,14,0.05,False,,,0.00018907376215793192,0.002,True,True
2026-08-14 00:29:41,leather,monitor,C:/cira_batch_test/leather/good_3.png,good_3.png,normal,False,0.025220787152647972,0.025220787152647972,0.034171744241873594,0.034171744241873594,0.031012375839054588,False,False,16000,False,,False,0.0,cpu,patch_nearest_normal,last2,14,0.05,False,,,0.0001783017796697095,0.002,True,True
2026-08-14 00:29:43,leather,monitor,C:/cira_batch_test/leather/good_4.png,good_4.png,normal,False,0.028356468304991722,0.028356468304991722,0.034171744241873594,0.034171744241873594,0.031012375839054588,False,False,16000,False,,False,0.0,cpu,patch_nearest_normal,last2,14,0.05,False,,,0.0001822838676162064,0.002,True,True
2026-08-14 00:29:44,leather,monitor,C:/cira_batch_test/leather/good_5.png,good_5.png,normal,False,0.02966398000717163,0.02966398000717163,0.034171744241873594,0.034171744241873594,0.031012375839054588,False,False,16000,False,,False,0.0,cpu,patch_nearest_normal,last2,14,0.05,False,,,0.000182207630132325,0.002,True,True
2026-08-14 00:29:46,leather,monitor,C:/cira_batch_test/leather/good_6.png,good_6.png,normal,False,0.027819495648145676,0.027819495648145676,0.034171744241873594,0.034171744241873594,0.031012375839054588,False,False,16000,False,,False,0.0,cpu,patch_nearest_normal,last2,14,0.05,False,,,0.00017705504433251917,0.002,True,True
2026-08-14 00:29:47,leather,monitor,C:/cira_batch_test/leather/good_7.png,good_7.png,normal,False,0.024916112422943115,0.024916112422943115,0.034171744241873594,0.034171744241873594,0.031012375839054588,False,False,16000,False,,False,0.0,cpu,patch_nearest_normal,last2,14,0.05,False,,,0.000193837535334751,0.002,True,True
2026-08-14 00:29:49,leather,monitor,C:/cira_batch_test/leather/good_8.png,good_8.png,normal,False,0.030109208077192307,0.030109208077192307,0.034171744241873594,0.034171744241873594,0.031012375839054588,False,False,16000,False,,False,0.0,cpu,patch_nearest_normal,last2,14,0.05,False,,,0.00018362997798249125,0.002,True,True
2026-08-14 00:29:50,leather,monitor,C:/cira_batch_test/leather/good_9.png,good_9.png,anomaly,True,0.03426618129014969,0.03426618129014969,0.034171744241873594,0.034171744241873594,0.031012375839054588,False,False,16000,False,,False,0.0,cpu,patch_nearest_normal,last2,14,0.05,False,,,0.0001849950640462339,0.002,False,True
2026-08-14 00:29:52,metal_nut,monitor,C:/cira_batch_test/metal_nut/good_1.png,good_1.png,normal,False,0.05861416459083557,0.05861416459083557,0.07371337477372687,0.07371337477372687,0.07148411981761456,False,False,16000,False,,False,0.0,cpu,patch_nearest_normal,last2,14,0.05,False,,,9.735015191836283e-05,0.002,True,True
2026-08-14 00:29:53,metal_nut,monitor,C:/cira_batch_test/metal_nut/good_10.png,good_10.png,normal,False,0.0533534474670887,0.0533534474670887,0.07371337477372687,0.07371337477372687,0.07148411981761456,False,False,16000,False,,False,0.0,cpu,patch_nearest_normal,last2,14,0.05,False,,,0.00010535601177252829,0.002,True,True
2026-08-14 00:29:55,metal_nut,monitor,C:/cira_batch_test/metal_nut/good_11.png,good_11.png,normal,False,0.05732721835374832,0.05732721835374832,0.07371337477372687,0.07371337477372687,0.07148411981761456,False,False,16000,False,,False,0.0,cpu,patch_nearest_normal,last2,14,0.05,False,,,0.00010206314618699253,0.002,True,True
2026-08-14 00:29:56,metal_nut,monitor,C:/cira_batch_test/metal_nut/good_12.png,good_12.png,normal,False,0.05131473392248154,0.05131473392248154,0.07371337477372687,0.07371337477372687,0.07148411981761456,False,False,16000,False,,False,0.0,cpu,patch_nearest_normal,last2,14,0.05,False,,,9.741450776346028e-05,0.002,True,True
2026-08-14 00:29:58,metal_nut,monitor,C:/cira_batch_test/metal_nut/good_13.png,good_13.png,normal,False,0.06949208676815033,0.06949208676815033,0.07371337477372687,0.07371337477372687,0.07148411981761456,False,False,16000,False,,False,0.0,cpu,patch_nearest_normal,last2,14,0.05,False,,,9.881491860141978e-05,0.002,True,True
2026-08-14 00:29:59,metal_nut,monitor,C:/cira_batch_test/metal_nut/good_14.png,good_14.png,normal,False,0.07321234047412872,0.07321234047412872,0.07371337477372687,0.07371337477372687,0.07148411981761456,False,False,16000,False,,False,0.0,cpu,patch_nearest_normal,last2,14,0.05,False,,,9.267757559427992e-05,0.002,False,True
2026-08-14 00:30:00,metal_nut,monitor,C:/cira_batch_test/metal_nut/good_15.png,good_15.png,normal,False,0.05363322049379349,0.05363322049379349,0.07371337477372687,0.07371337477372687,0.07148411981761456,False,False,16000,False,,False,0.0,cpu,patch_nearest_normal,last2,14,0.05,False,,,9.396538371220231e-05,0.002,True,True
2026-08-14 00:30:02,metal_nut,monitor,C:/cira_batch_test/metal_nut/good_16.png,good_16.png,normal,False,0.06726811081171036,0.06726811081171036,0.07371337477372687,0.07371337477372687,0.07148411981761456,False,False,16000,False,,False,0.0,cpu,patch_nearest_normal,last2,14,0.05,False,,,9.88388346740976e-05,0.002,True,True
2026-08-14 00:30:03,metal_nut,monitor,C:/cira_batch_test/metal_nut/good_17.png,good_17.png,normal,False,0.05015826225280762,0.05015826225280762,0.07371337477372687,0.07371337477372687,0.07148411981761456,False,False,16000,False,,False,0.0,cpu,patch_nearest_normal,last2,14,0.05,False,,,9.81569173745811e-05,0.002,True,True
2026-08-14 00:30:05,metal_nut,monitor,C:/cira_batch_test/metal_nut/good_18.png,good_18.png,normal,False,0.05972328037023544,0.05972328037023544,0.07371337477372687,0.07371337477372687,0.07148411981761456,False,False,16000,False,,False,0.0,cpu,patch_nearest_normal,last2,14,0.05,False,,,9.966738434741274e-05,0.002,True,True
2026-08-14 00:30:06,metal_nut,monitor,C:/cira_batch_test/metal_nut/good_19.png,good_19.png,normal,False,0.05792664736509323,0.05792664736509323,0.07371337477372687,0.07371337477372687,0.07148411981761456,False,False,16000,False,,False,0.0,cpu,patch_nearest_normal,last2,14,0.05,False,,,9.798358951229602e-05,0.002,True,True
2026-08-14 00:30:07,metal_nut,monitor,C:/cira_batch_test/metal_nut/good_2.png,good_2.png,normal,False,0.0514657199382782,0.0514657199382782,0.07371337477372687,0.07371337477372687,0.07148411981761456,False,False,16000,False,,False,0.0,cpu,patch_nearest_normal,last2,14,0.05,False,,,9.529764065518975e-05,0.002,True,True
2026-08-14 00:30:09,metal_nut,monitor,C:/cira_batch_test/metal_nut/good_20.png,good_20.png,normal,False,0.05710121989250183,0.05710121989250183,0.07371337477372687,0.07371337477372687,0.07148411981761456,False,False,16000,False,,False,0.0,cpu,patch_nearest_normal,last2,14,0.05,False,,,9.257196506951004e-05,0.002,True,True
2026-08-14 00:30:10,metal_nut,monitor,C:/cira_batch_test/metal_nut/good_3.png,good_3.png,normal,False,0.053684961050748825,0.053684961050748825,0.07371337477372687,0.07371337477372687,0.07148411981761456,False,False,16000,False,,False,0.0,cpu,patch_nearest_normal,last2,14,0.05,False,,,8.948336471803486e-05,0.002,True,True
2026-08-14 00:30:12,metal_nut,monitor,C:/cira_batch_test/metal_nut/good_4.png,good_4.png,normal,False,0.057066332548856735,0.057066332548856735,0.07371337477372687,0.07371337477372687,0.07148411981761456,False,False,16000,False,,False,0.0,cpu,patch_nearest_normal,last2,14,0.05,False,,,9.571520786266774e-05,0.002,True,True
2026-08-14 00:30:13,metal_nut,monitor,C:/cira_batch_test/metal_nut/good_5.png,good_5.png,normal,False,0.06472619622945786,0.06472619622945786,0.07371337477372687,0.07371337477372687,0.07148411981761456,False,False,16000,False,,False,0.0,cpu,patch_nearest_normal,last2,14,0.05,False,,,8.752015855861828e-05,0.002,True,True
2026-08-14 00:30:14,metal_nut,monitor,C:/cira_batch_test/metal_nut/good_6.png,good_6.png,normal,False,0.06052134186029434,0.06052134186029434,0.07371337477372687,0.07371337477372687,0.07148411981761456,False,False,16000,False,,False,0.0,cpu,patch_nearest_normal,last2,14,0.05,False,,,9.32057955651544e-05,0.002,True,True
2026-08-14 00:30:16,metal_nut,monitor,C:/cira_batch_test/metal_nut/good_7.png,good_7.png,normal,False,0.06219468265771866,0.06219468265771866,0.07371337477372687,0.07371337477372687,0.07148411981761456,False,False,16000,False,,False,0.0,cpu,patch_nearest_normal,last2,14,0.05,False,,,8.817898196866736e-05,0.002,True,True
2026-08-14 00:30:17,metal_nut,monitor,C:/cira_batch_test/metal_nut/good_8.png,good_8.png,normal,False,0.07139317691326141,0.07139317691326141,0.07371337477372687,0.07371337477372687,0.07148411981761456,False,False,16000,False,,False,0.0,cpu,patch_nearest_normal,last2,14,0.05,False,,,9.107654477702454e-05,0.002,True,True
2026-08-14 00:30:19,metal_nut,monitor,C:/cira_batch_test/metal_nut/good_9.png,good_9.png,normal,False,0.0531245581805706,0.0531245581805706,0.07371337477372687,0.07371337477372687,0.07148411981761456,False,False,16000,False,,False,0.0,cpu,patch_nearest_normal,last2,14,0.05,False,,,9.867543849395588e-05,0.002,True,True
2026-08-14 00:30:20,pill,monitor,C:/cira_batch_test/pill/good_1.png,good_1.png,normal,False,0.037125132977962494,0.037125132977962494,0.058818249737604744,0.058818249737604744,0.053925617597997196,False,False,16000,False,,False,0.0,cpu,patch_nearest_normal,last2,14,0.05,False,,,0.00012503608013503253,0.002,True,True
2026-08-14 00:30:22,pill,monitor,C:/cira_batch_test/pill/good_10.png,good_10.png,normal,False,0.053677041083574295,0.053677041083574295,0.058818249737604744,0.058818249737604744,0.053925617597997196,False,False,16000,False,,False,0.0,cpu,patch_nearest_normal,last2,14,0.05,False,,,0.00014660308079328388,0.002,True,True
2026-08-14 00:30:23,pill,monitor,C:/cira_batch_test/pill/good_11.png,good_11.png,normal,False,0.03364118933677673,0.03364118933677673,0.058818249737604744,0.058818249737604744,0.053925617597997196,False,False,16000,False,,False,0.0,cpu,patch_nearest_normal,last2,14,0.05,False,,,0.00013116540503688157,0.002,True,True
2026-08-14 00:30:25,pill,monitor,C:/cira_batch_test/pill/good_12.png,good_12.png,normal,False,0.04497263580560684,0.04497263580560684,0.058818249737604744,0.058818249737604744,0.053925617597997196,False,False,16000,False,,False,0.0,cpu,patch_nearest_normal,last2,14,0.05,False,,,0.00014045383431948721,0.002,True,True
2026-08-14 00:30:26,pill,monitor,C:/cira_batch_test/pill/good_13.png,good_13.png,normal,False,0.049125660210847855,0.049125660210847855,0.058818249737604744,0.058818249737604744,0.053925617597997196,False,False,16000,False,,False,0.0,cpu,patch_nearest_normal,last2,14,0.05,False,,,0.00014182405720930547,0.002,True,True
2026-08-14 00:30:28,pill,monitor,C:/cira_batch_test/pill/good_14.png,good_14.png,normal,False,0.04139386862516403,0.04139386862516403,0.058818249737604744,0.058818249737604744,0.053925617597997196,False,False,16000,False,,False,0.0,cpu,patch_nearest_normal,last2,14,0.05,False,,,0.0001478405756643042,0.002,True,True
2026-08-14 00:30:29,pill,monitor,C:/cira_batch_test/pill/good_15.png,good_15.png,normal,False,0.04935947060585022,0.04935947060585022,0.058818249737604744,0.058818249737604744,0.053925617597997196,False,False,16000,False,,False,0.0,cpu,patch_nearest_normal,last2,14,0.05,False,,,0.00014351389836519957,0.002,True,True
2026-08-14 00:30:30,pill,monitor,C:/cira_batch_test/pill/good_16.png,good_16.png,normal,False,0.05033881589770317,0.05033881589770317,0.058818249737604744,0.058818249737604744,0.053925617597997196,False,False,16000,False,,False,0.0,cpu,patch_nearest_normal,last2,14,0.05,False,,,0.0001588822779012844,0.002,True,True
2026-08-14 00:30:32,pill,monitor,C:/cira_batch_test/pill/good_17.png,good_17.png,normal,False,0.05000953748822212,0.05000953748822212,0.058818249737604744,0.058818249737604744,0.053925617597997196,False,False,16000,False,,False,0.0,cpu,patch_nearest_normal,last2,14,0.05,False,,,0.0001579968084115535,0.002,True,True
2026-08-14 00:30:33,pill,monitor,C:/cira_batch_test/pill/good_18.png,good_18.png,normal,False,0.04117744043469429,0.04117744043469429,0.058818249737604744,0.058818249737604744,0.053925617597997196,False,False,16000,False,,False,0.0,cpu,patch_nearest_normal,last2,14,0.05,False,,,0.00012648195843212306,0.002,True,True
2026-08-14 00:30:35,pill,monitor,C:/cira_batch_test/pill/good_19.png,good_19.png,normal,False,0.03407621383666992,0.03407621383666992,0.058818249737604744,0.058818249737604744,0.053925617597997196,False,False,16000,False,,False,0.0,cpu,patch_nearest_normal,last2,14,0.05,False,,,0.00014253309927880764,0.002,True,True
2026-08-14 00:30:36,pill,monitor,C:/cira_batch_test/pill/good_2.png,good_2.png,normal,False,0.058648962527513504,0.058648962527513504,0.058818249737604744,0.058818249737604744,0.053925617597997196,False,False,16000,False,,False,0.0,cpu,patch_nearest_normal,last2,14,0.05,False,,,0.0001262971491087228,0.002,False,True
2026-08-14 00:30:38,pill,monitor,C:/cira_batch_test/pill/good_20.png,good_20.png,normal,False,0.04185457155108452,0.04185457155108452,0.058818249737604744,0.058818249737604744,0.053925617597997196,False,False,16000,False,,False,0.0,cpu,patch_nearest_normal,last2,14,0.05,False,,,0.00012764539860654622,0.002,True,True
2026-08-14 00:30:39,pill,monitor,C:/cira_batch_test/pill/good_3.png,good_3.png,normal,False,0.0493047833442688,0.0493047833442688,0.058818249737604744,0.058818249737604744,0.053925617597997196,False,False,16000,False,,False,0.0,cpu,patch_nearest_normal,last2,14,0.05,False,,,0.0001406057272106409,0.002,True,True
2026-08-14 00:30:40,pill,monitor,C:/cira_batch_test/pill/good_4.png,good_4.png,normal,False,0.05053365230560303,0.05053365230560303,0.058818249737604744,0.058818249737604744,0.053925617597997196,False,False,16000,False,,False,0.0,cpu,patch_nearest_normal,last2,14,0.05,False,,,0.00014129592454992235,0.002,True,True
2026-08-14 00:30:42,pill,monitor,C:/cira_batch_test/pill/good_5.png,good_5.png,normal,False,0.04136024788022041,0.04136024788022041,0.058818249737604744,0.058818249737604744,0.053925617597997196,False,False,16000,False,,False,0.0,cpu,patch_nearest_normal,last2,14,0.05,False,,,0.00015459813585039228,0.002,True,True
2026-08-14 00:30:43,pill,monitor,C:/cira_batch_test/pill/good_6.png,good_6.png,normal,False,0.048212163150310516,0.048212163150310516,0.058818249737604744,0.058818249737604744,0.053925617597997196,False,False,16000,False,,False,0.0,cpu,patch_nearest_normal,last2,14,0.05,False,,,0.00014722453488502651,0.002,True,True
2026-08-14 00:30:45,pill,monitor,C:/cira_batch_test/pill/good_7.png,good_7.png,normal,False,0.0464128740131855,0.0464128740131855,0.058818249737604744,0.058818249737604744,0.053925617597997196,False,False,16000,False,,False,0.0,cpu,patch_nearest_normal,last2,14,0.05,False,,,0.00014073862985242158,0.002,True,True
2026-08-14 00:30:46,pill,monitor,C:/cira_batch_test/pill/good_8.png,good_8.png,normal,False,0.03834166005253792,0.03834166005253792,0.058818249737604744,0.058818249737604744,0.053925617597997196,False,False,16000,False,,False,0.0,cpu,patch_nearest_normal,last2,14,0.05,False,,,0.00012694610632024705,0.002,True,True
2026-08-14 00:30:48,pill,monitor,C:/cira_batch_test/pill/good_9.png,good_9.png,normal,False,0.04783738777041435,0.04783738777041435,0.058818249737604744,0.058818249737604744,0.053925617597997196,False,False,16000,False,,False,0.0,cpu,patch_nearest_normal,last2,14,0.05,False,,,0.00014927960000932217,0.002,True,True
2026-08-14 00:30:49,screw,monitor,C:/cira_batch_test/screw/good_1.png,good_1.png,normal,False,0.038964152336120605,0.038964152336120605,0.06300562225380257,0.06300562225380257,0.06140167154371739,False,False,16000,False,,False,0.0,cpu,patch_nearest_normal,last2,14,0.05,False,,,0.00012699289072770625,0.002,True,True
2026-08-14 00:30:51,screw,monitor,C:/cira_batch_test/screw/good_10.png,good_10.png,normal,False,0.06134505942463875,0.06134505942463875,0.06300562225380257,0.06300562225380257,0.06140167154371739,False,False,16000,False,,False,0.0,cpu,patch_nearest_normal,last2,14,0.05,False,,,0.00012319828965701163,0.002,True,True
2026-08-14 00:30:52,screw,monitor,C:/cira_batch_test/screw/good_11.png,good_11.png,normal,False,0.053246837109327316,0.053246837109327316,0.06300562225380257,0.06300562225380257,0.06140167154371739,False,False,16000,False,,False,0.0,cpu,patch_nearest_normal,last2,14,0.05,False,,,0.00011819197970908135,0.002,True,True
2026-08-14 00:30:54,screw,monitor,C:/cira_batch_test/screw/good_12.png,good_12.png,normal,False,0.04679994657635689,0.04679994657635689,0.06300562225380257,0.06300562225380257,0.06140167154371739,False,False,16000,False,,False,0.0,cpu,patch_nearest_normal,last2,14,0.05,False,,,0.00011642026220215484,0.002,True,True
2026-08-14 00:30:55,screw,monitor,C:/cira_batch_test/screw/good_13.png,good_13.png,normal,False,0.04147246479988098,0.04147246479988098,0.06300562225380257,0.06300562225380257,0.06140167154371739,False,False,16000,False,,False,0.0,cpu,patch_nearest_normal,last2,14,0.05,False,,,8.447979780612513e-05,0.002,True,True
2026-08-14 00:30:57,screw,monitor,C:/cira_batch_test/screw/good_14.png,good_14.png,normal,False,0.05926038697361946,0.05926038697361946,0.06300562225380257,0.06300562225380257,0.06140167154371739,False,False,16000,False,,False,0.0,cpu,patch_nearest_normal,last2,14,0.05,False,,,0.00012510467786341906,0.002,True,True
2026-08-14 00:30:58,screw,monitor,C:/cira_batch_test/screw/good_15.png,good_15.png,normal,False,0.05680204555392265,0.05680204555392265,0.06300562225380257,0.06300562225380257,0.06140167154371739,False,False,16000,False,,False,0.0,cpu,patch_nearest_normal,last2,14,0.05,False,,,8.809690189082175e-05,0.002,True,True
2026-08-14 00:31:00,screw,monitor,C:/cira_batch_test/screw/good_16.png,good_16.png,normal,False,0.04977390915155411,0.04977390915155411,0.06300562225380257,0.06300562225380257,0.06140167154371739,False,False,16000,False,,False,0.0,cpu,patch_nearest_normal,last2,14,0.05,False,,,9.041222801897675e-05,0.002,True,True
2026-08-14 00:31:01,screw,monitor,C:/cira_batch_test/screw/good_17.png,good_17.png,normal,False,0.05314255505800247,0.05314255505800247,0.06300562225380257,0.06300562225380257,0.06140167154371739,False,False,16000,False,,False,0.0,cpu,patch_nearest_normal,last2,14,0.05,False,,,8.421581151196733e-05,0.002,True,True
2026-08-14 00:31:02,screw,monitor,C:/cira_batch_test/screw/good_18.png,good_18.png,normal,False,0.05669013410806656,0.05669013410806656,0.06300562225380257,0.06300562225380257,0.06140167154371739,False,False,16000,False,,False,0.0,cpu,patch_nearest_normal,last2,14,0.05,False,,,8.89200164237991e-05,0.002,True,True
2026-08-14 00:31:04,screw,monitor,C:/cira_batch_test/screw/good_19.png,good_19.png,normal,False,0.049896109849214554,0.049896109849214554,0.06300562225380257,0.06300562225380257,0.06140167154371739,False,False,16000,False,,False,0.0,cpu,patch_nearest_normal,last2,14,0.05,False,,,8.38240230223164e-05,0.002,True,True
2026-08-14 00:31:05,screw,monitor,C:/cira_batch_test/screw/good_2.png,good_2.png,normal,False,0.05193309113383293,0.05193309113383293,0.06300562225380257,0.06300562225380257,0.06140167154371739,False,False,16000,False,,False,0.0,cpu,patch_nearest_normal,last2,14,0.05,False,,,0.00010263298463542014,0.002,True,True
2026-08-14 00:31:07,screw,monitor,C:/cira_batch_test/screw/good_20.png,good_20.png,normal,False,0.046333521604537964,0.046333521604537964,0.06300562225380257,0.06300562225380257,0.06140167154371739,False,False,16000,False,,False,0.0,cpu,patch_nearest_normal,last2,14,0.05,False,,,0.0001326024648733437,0.002,True,True
2026-08-14 00:31:08,screw,monitor,C:/cira_batch_test/screw/good_3.png,good_3.png,normal,False,0.04481654241681099,0.04481654241681099,0.06300562225380257,0.06300562225380257,0.06140167154371739,False,False,16000,False,,False,0.0,cpu,patch_nearest_normal,last2,14,0.05,False,,,0.00011455550702521577,0.002,True,True
2026-08-14 00:31:10,screw,monitor,C:/cira_batch_test/screw/good_4.png,good_4.png,normal,False,0.0510856918990612,0.0510856918990612,0.06300562225380257,0.06300562225380257,0.06140167154371739,False,False,16000,False,,False,0.0,cpu,patch_nearest_normal,last2,14,0.05,False,,,0.0001199701800942421,0.002,True,True
2026-08-14 00:31:11,screw,monitor,C:/cira_batch_test/screw/good_5.png,good_5.png,normal,False,0.05045319348573685,0.05045319348573685,0.06300562225380257,0.06300562225380257,0.06140167154371739,False,False,16000,False,,False,0.0,cpu,patch_nearest_normal,last2,14,0.05,False,,,0.00011467190779512748,0.002,True,True
2026-08-14 00:31:13,screw,monitor,C:/cira_batch_test/screw/good_6.png,good_6.png,normal,False,0.043652284890413284,0.043652284890413284,0.06300562225380257,0.06300562225380257,0.06140167154371739,False,False,16000,False,,False,0.0,cpu,patch_nearest_normal,last2,14,0.05,False,,,0.00011505477596074343,0.002,True,True
2026-08-14 00:31:14,screw,monitor,C:/cira_batch_test/screw/good_7.png,good_7.png,normal,False,0.05408525466918945,0.05408525466918945,0.06300562225380257,0.06300562225380257,0.06140167154371739,False,False,16000,False,,False,0.0,cpu,patch_nearest_normal,last2,14,0.05,False,,,0.00011672396794892848,0.002,True,True
2026-08-14 00:31:16,screw,monitor,C:/cira_batch_test/screw/good_8.png,good_8.png,normal,False,0.062477875500917435,0.062477875500917435,0.06300562225380257,0.06300562225380257,0.06140167154371739,False,False,16000,False,,False,0.0,cpu,patch_nearest_normal,last2,14,0.05,False,,,0.00011801419168477878,0.002,False,True
2026-08-14 00:31:17,screw,monitor,C:/cira_batch_test/screw/good_9.png,good_9.png,normal,False,0.044319771230220795,0.044319771230220795,0.06300562225380257,0.06300562225380257,0.06140167154371739,False,False,16000,False,,False,0.0,cpu,patch_nearest_normal,last2,14,0.05,False,,,8.389655704377219e-05,0.002,True,True
2026-08-14 00:31:19,tile,monitor,C:/cira_batch_test/tile/good_1.png,good_1.png,normal,False,0.04027971625328064,0.04027971625328064,0.06531576632719606,0.06531576632719606,0.06201616711914539,False,False,16000,False,,False,0.0,cpu,patch_nearest_normal,last2,14,0.05,False,,,0.00011765801173169166,0.002,True,True
2026-08-14 00:31:20,tile,monitor,C:/cira_batch_test/tile/good_10.png,good_10.png,normal,False,0.04156256839632988,0.04156256839632988,0.06531576632719606,0.06531576632719606,0.06201616711914539,False,False,16000,False,,False,0.0,cpu,patch_nearest_normal,last2,14,0.05,False,,,0.0002138659474439919,0.002,True,True
2026-08-14 00:31:22,tile,monitor,C:/cira_batch_test/tile/good_11.png,good_11.png,normal,False,0.03259800747036934,0.03259800747036934,0.06531576632719606,0.06531576632719606,0.06201616711914539,False,False,16000,False,,False,0.0,cpu,patch_nearest_normal,last2,14,0.05,False,,,0.00017501589900348336,0.002,True,True
2026-08-14 00:31:23,tile,monitor,C:/cira_batch_test/tile/good_12.png,good_12.png,normal,False,0.0393584743142128,0.0393584743142128,0.06531576632719606,0.06531576632719606,0.06201616711914539,False,False,16000,False,,False,0.0,cpu,patch_nearest_normal,last2,14,0.05,False,,,0.00017971196211874485,0.002,True,True
2026-08-14 00:31:25,tile,monitor,C:/cira_batch_test/tile/good_13.png,good_13.png,normal,False,0.04293588548898697,0.04293588548898697,0.06531576632719606,0.06531576632719606,0.06201616711914539,False,False,16000,False,,False,0.0,cpu,patch_nearest_normal,last2,14,0.05,False,,,0.0001765269844327122,0.002,True,True
2026-08-14 00:31:26,tile,monitor,C:/cira_batch_test/tile/good_14.png,good_14.png,normal,False,0.04356005787849426,0.04356005787849426,0.06531576632719606,0.06531576632719606,0.06201616711914539,False,False,16000,False,,False,0.0,cpu,patch_nearest_normal,last2,14,0.05,False,,,0.00016245272126980126,0.002,True,True
2026-08-14 00:31:28,tile,monitor,C:/cira_batch_test/tile/good_15.png,good_15.png,normal,False,0.041295088827610016,0.041295088827610016,0.06531576632719606,0.06531576632719606,0.06201616711914539,False,False,16000,False,,False,0.0,cpu,patch_nearest_normal,last2,14,0.05,False,,,0.00021135601855348796,0.002,True,True
2026-08-14 00:31:29,tile,monitor,C:/cira_batch_test/tile/good_16.png,good_16.png,normal,False,0.04469926282763481,0.04469926282763481,0.06531576632719606,0.06531576632719606,0.06201616711914539,False,False,16000,False,,False,0.0,cpu,patch_nearest_normal,last2,14,0.05,False,,,0.0002302896900800988,0.002,True,True
2026-08-14 00:31:31,tile,monitor,C:/cira_batch_test/tile/good_17.png,good_17.png,normal,False,0.04830861836671829,0.04830861836671829,0.06531576632719606,0.06531576632719606,0.06201616711914539,False,False,16000,False,,False,0.0,cpu,patch_nearest_normal,last2,14,0.05,False,,,0.0002041459083557129,0.002,True,True
2026-08-14 00:31:32,tile,monitor,C:/cira_batch_test/tile/good_18.png,good_18.png,normal,False,0.04867821931838989,0.04867821931838989,0.06531576632719606,0.06531576632719606,0.06201616711914539,False,False,16000,False,,False,0.0,cpu,patch_nearest_normal,last2,14,0.05,False,,,0.00023474999761674553,0.002,True,True
2026-08-14 00:31:34,tile,monitor,C:/cira_batch_test/tile/good_19.png,good_19.png,normal,False,0.03627647086977959,0.03627647086977959,0.06531576632719606,0.06531576632719606,0.06201616711914539,False,False,16000,False,,False,0.0,cpu,patch_nearest_normal,last2,14,0.05,False,,,0.00016279483679682016,0.002,True,True
2026-08-14 00:31:35,tile,monitor,C:/cira_batch_test/tile/good_2.png,good_2.png,normal,False,0.02930971421301365,0.02930971421301365,0.06531576632719606,0.06531576632719606,0.06201616711914539,False,False,16000,False,,False,0.0,cpu,patch_nearest_normal,last2,14,0.05,False,,,0.00012884355965070426,0.002,True,True
2026-08-14 00:31:37,tile,monitor,C:/cira_batch_test/tile/good_20.png,good_20.png,normal,False,0.032931309193372726,0.032931309193372726,0.06531576632719606,0.06531576632719606,0.06201616711914539,False,False,16000,False,,False,0.0,cpu,patch_nearest_normal,last2,14,0.05,False,,,0.00013728109479416162,0.002,True,True
2026-08-14 00:31:38,tile,monitor,C:/cira_batch_test/tile/good_3.png,good_3.png,normal,False,0.030960142612457275,0.030960142612457275,0.06531576632719606,0.06531576632719606,0.06201616711914539,False,False,16000,False,,False,0.0,cpu,patch_nearest_normal,last2,14,0.05,False,,,0.00010457622556714341,0.002,True,True
2026-08-14 00:31:40,tile,monitor,C:/cira_batch_test/tile/good_4.png,good_4.png,normal,False,0.06188056617975235,0.06188056617975235,0.06531576632719606,0.06531576632719606,0.06201616711914539,False,False,16000,False,,False,0.0,cpu,patch_nearest_normal,last2,14,0.05,False,,,0.00013903132639825344,0.002,True,True
2026-08-14 00:31:41,tile,monitor,C:/cira_batch_test/tile/good_5.png,good_5.png,normal,False,0.03335612267255783,0.03335612267255783,0.06531576632719606,0.06531576632719606,0.06201616711914539,False,False,16000,False,,False,0.0,cpu,patch_nearest_normal,last2,14,0.05,False,,,0.0001605877187103033,0.002,True,True
2026-08-14 00:31:43,tile,monitor,C:/cira_batch_test/tile/good_6.png,good_6.png,normal,False,0.034201376140117645,0.034201376140117645,0.06531576632719606,0.06531576632719606,0.06201616711914539,False,False,16000,False,,False,0.0,cpu,patch_nearest_normal,last2,14,0.05,False,,,0.00012204668746562675,0.002,True,True
2026-08-14 00:31:44,tile,monitor,C:/cira_batch_test/tile/good_7.png,good_7.png,normal,False,0.06459201872348785,0.06459201872348785,0.06531576632719606,0.06531576632719606,0.06201616711914539,False,False,16000,False,,False,0.0,cpu,patch_nearest_normal,last2,14,0.05,False,,,0.00014600659778807312,0.002,False,True
2026-08-14 00:31:45,tile,monitor,C:/cira_batch_test/tile/good_8.png,good_8.png,normal,False,0.05214002728462219,0.05214002728462219,0.06531576632719606,0.06531576632719606,0.06201616711914539,False,False,16000,False,,False,0.0,cpu,patch_nearest_normal,last2,14,0.05,False,,,0.0001854754809755832,0.002,True,True
2026-08-14 00:31:47,tile,monitor,C:/cira_batch_test/tile/good_9.png,good_9.png,normal,False,0.027901101857423782,0.027901101857423782,0.06531576632719606,0.06531576632719606,0.06201616711914539,False,False,16000,False,,False,0.0,cpu,patch_nearest_normal,last2,14,0.05,False,,,0.00013539289648178965,0.002,True,True
2026-08-14 00:31:49,toothbrush,monitor,C:/cira_batch_test/toothbrush/good_1.png,good_1.png,normal,False,0.04900660365819931,0.04900660365819931,0.07018890345233406,0.07018890345233406,0.057437426969409,False,False,9408,False,,False,0.0,cpu,patch_nearest_normal,last2,14,0.05,False,,,0.00011378213093848899,0.002,True,True
2026-08-14 00:31:50,toothbrush,monitor,C:/cira_batch_test/toothbrush/good_10.png,good_10.png,normal,False,0.02564335986971855,0.02564335986971855,0.07018890345233406,0.07018890345233406,0.057437426969409,False,False,9408,False,,False,0.0,cpu,patch_nearest_normal,last2,14,0.05,False,,,0.00011569420894375071,0.002,True,True
2026-08-14 00:31:51,toothbrush,monitor,C:/cira_batch_test/toothbrush/good_11.png,good_11.png,normal,False,0.02198653854429722,0.02198653854429722,0.07018890345233406,0.07018890345233406,0.057437426969409,False,False,9408,False,,False,0.0,cpu,patch_nearest_normal,last2,14,0.05,False,,,0.00011768782860599458,0.002,True,True
2026-08-14 00:31:53,toothbrush,monitor,C:/cira_batch_test/toothbrush/good_12.png,good_12.png,normal,False,0.01844852603971958,0.01844852603971958,0.07018890345233406,0.07018890345233406,0.057437426969409,False,False,9408,False,,False,0.0,cpu,patch_nearest_normal,last2,14,0.05,False,,,0.0001089822399080731,0.002,True,True
2026-08-14 00:31:54,toothbrush,monitor,C:/cira_batch_test/toothbrush/good_13.png,good_13.png,normal,False,0.025733262300491333,0.025733262300491333,0.07018890345233406,0.07018890345233406,0.057437426969409,False,False,9408,False,,False,0.0,cpu,patch_nearest_normal,last2,14,0.05,False,,,0.00012226948456373066,0.002,True,True
2026-08-14 00:31:56,toothbrush,monitor,C:/cira_batch_test/toothbrush/good_14.png,good_14.png,normal,False,0.02207896113395691,0.02207896113395691,0.07018890345233406,0.07018890345233406,0.057437426969409,False,False,9408,False,,False,0.0,cpu,patch_nearest_normal,last2,14,0.05,False,,,0.00012247903214301914,0.002,True,True
2026-08-14 00:31:57,toothbrush,monitor,C:/cira_batch_test/toothbrush/good_15.png,good_15.png,normal,False,0.028422897681593895,0.028422897681593895,0.07018890345233406,0.07018890345233406,0.057437426969409,False,False,9408,False,,False,0.0,cpu,patch_nearest_normal,last2,14,0.05,False,,,0.00013257389946375042,0.002,True,True
2026-08-14 00:31:59,toothbrush,monitor,C:/cira_batch_test/toothbrush/good_16.png,good_16.png,normal,False,0.048790354281663895,0.048790354281663895,0.07018890345233406,0.07018890345233406,0.057437426969409,False,False,9408,False,,False,0.0,cpu,patch_nearest_normal,last2,14,0.05,False,,,0.00011734972213162109,0.002,True,True
2026-08-14 00:32:00,toothbrush,monitor,C:/cira_batch_test/toothbrush/good_17.png,good_17.png,normal,False,0.030550479888916016,0.030550479888916016,0.07018890345233406,0.07018890345233406,0.057437426969409,False,False,9408,False,,False,0.0,cpu,patch_nearest_normal,last2,14,0.05,False,,,0.00012151317059760913,0.002,True,True
2026-08-14 00:32:02,toothbrush,monitor,C:/cira_batch_test/toothbrush/good_18.png,good_18.png,normal,False,0.04474199563264847,0.04474199563264847,0.07018890345233406,0.07018890345233406,0.057437426969409,False,False,9408,False,,False,0.0,cpu,patch_nearest_normal,last2,14,0.05,False,,,0.00011311312118778005,0.002,True,True
2026-08-14 00:32:03,toothbrush,monitor,C:/cira_batch_test/toothbrush/good_19.png,good_19.png,normal,False,0.05678195506334305,0.05678195506334305,0.07018890345233406,0.07018890345233406,0.057437426969409,False,False,9408,False,,False,0.0,cpu,patch_nearest_normal,last2,14,0.05,False,,,0.000126454935525544,0.002,True,True
2026-08-14 00:32:05,toothbrush,monitor,C:/cira_batch_test/toothbrush/good_2.png,good_2.png,normal,False,0.021977145224809647,0.021977145224809647,0.07018890345233406,0.07018890345233406,0.057437426969409,False,False,9408,False,,False,0.0,cpu,patch_nearest_normal,last2,14,0.05,False,,,0.0001148396113421768,0.002,True,True
2026-08-14 00:32:06,toothbrush,monitor,C:/cira_batch_test/toothbrush/good_20.png,good_20.png,normal,False,0.06989051401615143,0.06989051401615143,0.07018890345233406,0.07018890345233406,0.057437426969409,False,False,9408,False,,False,0.0,cpu,patch_nearest_normal,last2,14,0.05,False,,,0.00012042827438563108,0.002,False,True
2026-08-14 00:32:08,toothbrush,monitor,C:/cira_batch_test/toothbrush/good_3.png,good_3.png,normal,False,0.046728916466236115,0.046728916466236115,0.07018890345233406,0.07018890345233406,0.057437426969409,False,False,9408,False,,False,0.0,cpu,patch_nearest_normal,last2,14,0.05,False,,,0.00011228527728235349,0.002,True,True
2026-08-14 00:32:09,toothbrush,monitor,C:/cira_batch_test/toothbrush/good_4.png,good_4.png,normal,False,0.04554165154695511,0.04554165154695511,0.07018890345233406,0.07018890345233406,0.057437426969409,False,False,9408,False,,False,0.0,cpu,patch_nearest_normal,last2,14,0.05,False,,,0.00011804445239249617,0.002,True,True
2026-08-14 00:32:11,toothbrush,monitor,C:/cira_batch_test/toothbrush/good_5.png,good_5.png,normal,False,0.04945443198084831,0.04945443198084831,0.07018890345233406,0.07018890345233406,0.057437426969409,False,False,9408,False,,False,0.0,cpu,patch_nearest_normal,last2,14,0.05,False,,,0.00011244609777349979,0.002,True,True
2026-08-14 00:32:12,toothbrush,monitor,C:/cira_batch_test/toothbrush/good_6.png,good_6.png,normal,False,0.018547911196947098,0.018547911196947098,0.07018890345233406,0.07018890345233406,0.057437426969409,False,False,9408,False,,False,0.0,cpu,patch_nearest_normal,last2,14,0.05,False,,,0.00010578555520623922,0.002,True,True
2026-08-14 00:32:14,toothbrush,monitor,C:/cira_batch_test/toothbrush/good_7.png,good_7.png,normal,False,0.014479517936706543,0.014479517936706543,0.07018890345233406,0.07018890345233406,0.057437426969409,False,False,9408,False,,False,0.0,cpu,patch_nearest_normal,last2,14,0.05,False,,,0.00010861604823730886,0.002,True,True
2026-08-14 00:32:15,toothbrush,monitor,C:/cira_batch_test/toothbrush/good_8.png,good_8.png,normal,False,0.021169042214751244,0.021169042214751244,0.07018890345233406,0.07018890345233406,0.057437426969409,False,False,9408,False,,False,0.0,cpu,patch_nearest_normal,last2,14,0.05,False,,,0.0001241972204297781,0.002,True,True
2026-08-14 00:32:16,toothbrush,monitor,C:/cira_batch_test/toothbrush/good_9.png,good_9.png,normal,False,0.018937593325972557,0.018937593325972557,0.07018890345233406,0.07018890345233406,0.057437426969409,False,False,9408,False,,False,0.0,cpu,patch_nearest_normal,last2,14,0.05,False,,,0.00011015772906830534,0.002,True,True
2026-08-14 00:32:18,transistor,monitor,C:/cira_batch_test/transistor/good_1.png,good_1.png,normal,False,0.07237771153450012,0.07237771153450012,0.08374597725686464,0.08374597725686464,0.07621454894542695,False,False,16000,False,,False,0.0,cpu,patch_nearest_normal,last2,14,0.05,False,,,0.0001708449999568984,0.002,True,True
2026-08-14 00:32:20,transistor,monitor,C:/cira_batch_test/transistor/good_10.png,good_10.png,normal,False,0.06277652829885483,0.06277652829885483,0.08374597725686464,0.08374597725686464,0.07621454894542695,False,False,16000,False,,False,0.0,cpu,patch_nearest_normal,last2,14,0.05,False,,,0.00015979769523255527,0.002,True,True
2026-08-14 00:32:21,transistor,monitor,C:/cira_batch_test/transistor/good_11.png,good_11.png,normal,False,0.07541725039482117,0.07541725039482117,0.08374597725686464,0.08374597725686464,0.07621454894542695,False,False,16000,False,,False,0.0,cpu,patch_nearest_normal,last2,14,0.05,False,,,0.00018174292927142233,0.002,True,True
2026-08-14 00:32:23,transistor,monitor,C:/cira_batch_test/transistor/good_12.png,good_12.png,normal,False,0.05441286042332649,0.05441286042332649,0.08374597725686464,0.08374597725686464,0.07621454894542695,False,False,16000,False,,False,0.0,cpu,patch_nearest_normal,last2,14,0.05,False,,,0.00018974162230733782,0.002,True,True
2026-08-14 00:32:24,transistor,monitor,C:/cira_batch_test/transistor/good_13.png,good_13.png,normal,False,0.07346081733703613,0.07346081733703613,0.08374597725686464,0.08374597725686464,0.07621454894542695,False,False,16000,False,,False,0.0,cpu,patch_nearest_normal,last2,14,0.05,False,,,0.00015314242045860738,0.002,True,True
2026-08-14 00:32:26,transistor,monitor,C:/cira_batch_test/transistor/good_14.png,good_14.png,normal,False,0.07405541837215424,0.07405541837215424,0.08374597725686464,0.08374597725686464,0.07621454894542695,False,False,16000,False,,False,0.0,cpu,patch_nearest_normal,last2,14,0.05,False,,,0.00018312770407646894,0.002,True,True
2026-08-14 00:32:27,transistor,monitor,C:/cira_batch_test/transistor/good_15.png,good_15.png,normal,False,0.0653306171298027,0.0653306171298027,0.08374597725686464,0.08374597725686464,0.07621454894542695,False,False,16000,False,,False,0.0,cpu,patch_nearest_normal,last2,14,0.05,False,,,0.00017246219795197248,0.002,True,True
2026-08-14 00:32:29,transistor,monitor,C:/cira_batch_test/transistor/good_16.png,good_16.png,normal,False,0.06174440309405327,0.06174440309405327,0.08374597725686464,0.08374597725686464,0.07621454894542695,False,False,16000,False,,False,0.0,cpu,patch_nearest_normal,last2,14,0.05,False,,,0.0001728077622829005,0.002,True,True
2026-08-14 00:32:30,transistor,monitor,C:/cira_batch_test/transistor/good_17.png,good_17.png,normal,False,0.07084798067808151,0.07084798067808151,0.08374597725686464,0.08374597725686464,0.07621454894542695,False,False,16000,False,,False,0.0,cpu,patch_nearest_normal,last2,14,0.05,False,,,0.00015643189544789493,0.002,True,True
2026-08-14 00:32:32,transistor,monitor,C:/cira_batch_test/transistor/good_18.png,good_18.png,normal,False,0.06075559929013252,0.06075559929013252,0.08374597725686464,0.08374597725686464,0.07621454894542695,False,False,16000,False,,False,0.0,cpu,patch_nearest_normal,last2,14,0.05,False,,,0.0001708122726995498,0.002,True,True
2026-08-14 00:32:33,transistor,monitor,C:/cira_batch_test/transistor/good_19.png,good_19.png,normal,False,0.04771433398127556,0.04771433398127556,0.08374597725686464,0.08374597725686464,0.07621454894542695,False,False,16000,False,,False,0.0,cpu,patch_nearest_normal,last2,14,0.05,False,,,0.00017939707322511822,0.002,True,True
2026-08-14 00:32:35,transistor,monitor,C:/cira_batch_test/transistor/good_2.png,good_2.png,normal,False,0.06986601650714874,0.06986601650714874,0.08374597725686464,0.08374597725686464,0.07621454894542695,False,False,16000,False,,False,0.0,cpu,patch_nearest_normal,last2,14,0.05,False,,,0.00017129405750893056,0.002,True,True
2026-08-14 00:32:36,transistor,monitor,C:/cira_batch_test/transistor/good_20.png,good_20.png,normal,False,0.0552021861076355,0.0552021861076355,0.08374597725686464,0.08374597725686464,0.07621454894542695,False,False,16000,False,,False,0.0,cpu,patch_nearest_normal,last2,14,0.05,False,,,0.00017147701873909682,0.002,True,True
2026-08-14 00:32:38,transistor,monitor,C:/cira_batch_test/transistor/good_3.png,good_3.png,normal,False,0.05625893920660019,0.05625893920660019,0.08374597725686464,0.08374597725686464,0.07621454894542695,False,False,16000,False,,False,0.0,cpu,patch_nearest_normal,last2,14,0.05,False,,,0.00017543441208545119,0.002,True,True
2026-08-14 00:32:39,transistor,monitor,C:/cira_batch_test/transistor/good_4.png,good_4.png,normal,False,0.06007443740963936,0.06007443740963936,0.08374597725686464,0.08374597725686464,0.07621454894542695,False,False,16000,False,,False,0.0,cpu,patch_nearest_normal,last2,14,0.05,False,,,0.00017812334408517927,0.002,True,True
2026-08-14 00:32:41,transistor,monitor,C:/cira_batch_test/transistor/good_5.png,good_5.png,normal,False,0.06360866129398346,0.06360866129398346,0.08374597725686464,0.08374597725686464,0.07621454894542695,False,False,16000,False,,False,0.0,cpu,patch_nearest_normal,last2,14,0.05,False,,,0.00016420897736679763,0.002,True,True
2026-08-14 00:32:42,transistor,monitor,C:/cira_batch_test/transistor/good_6.png,good_6.png,normal,False,0.07582487910985947,0.07582487910985947,0.08374597725686464,0.08374597725686464,0.07621454894542695,False,False,16000,False,,False,0.0,cpu,patch_nearest_normal,last2,14,0.05,False,,,0.0001714833633741364,0.002,True,True
2026-08-14 00:32:44,transistor,monitor,C:/cira_batch_test/transistor/good_7.png,good_7.png,normal,False,0.08361741155385971,0.08361741155385971,0.08374597725686464,0.08374597725686464,0.07621454894542695,False,False,16000,False,,False,0.0,cpu,patch_nearest_normal,last2,14,0.05,False,,,0.00017051062604878098,0.002,False,True
2026-08-14 00:32:45,transistor,monitor,C:/cira_batch_test/transistor/good_8.png,good_8.png,normal,False,0.07001090794801712,0.07001090794801712,0.08374597725686464,0.08374597725686464,0.07621454894542695,False,False,16000,False,,False,0.0,cpu,patch_nearest_normal,last2,14,0.05,False,,,0.00016330418293364346,0.002,True,True
2026-08-14 00:32:47,transistor,monitor,C:/cira_batch_test/transistor/good_9.png,good_9.png,normal,False,0.061260469257831573,0.061260469257831573,0.08374597725686464,0.08374597725686464,0.07621454894542695,False,False,16000,False,,False,0.0,cpu,patch_nearest_normal,last2,14,0.05,False,,,0.00016862674965523183,0.002,True,True
2026-08-14 00:32:49,wood,monitor,C:/cira_batch_test/wood/good_1.png,good_1.png,normal,False,0.022941630333662033,0.022941630333662033,0.04761728488056512,0.04761728488056512,0.04497043639421463,False,False,16000,False,,False,0.0,cpu,patch_nearest_normal,last2,14,0.05,False,,,7.238795660668984e-05,0.002,True,True
2026-08-14 00:32:50,wood,monitor,C:/cira_batch_test/wood/good_10.png,good_10.png,normal,False,0.028816664591431618,0.028816664591431618,0.04761728488056512,0.04761728488056512,0.04497043639421463,False,False,16000,False,,False,0.0,cpu,patch_nearest_normal,last2,14,0.05,False,,,0.00010460187331773341,0.002,True,True
2026-08-14 00:32:52,wood,monitor,C:/cira_batch_test/wood/good_11.png,good_11.png,normal,False,0.027829576283693314,0.027829576283693314,0.04761728488056512,0.04761728488056512,0.04497043639421463,False,False,16000,False,,False,0.0,cpu,patch_nearest_normal,last2,14,0.05,False,,,8.878379594534636e-05,0.002,True,True
2026-08-14 00:32:53,wood,monitor,C:/cira_batch_test/wood/good_12.png,good_12.png,normal,False,0.03631599619984627,0.03631599619984627,0.04761728488056512,0.04761728488056512,0.04497043639421463,False,False,16000,False,,False,0.0,cpu,patch_nearest_normal,last2,14,0.05,False,,,9.343729470856488e-05,0.002,True,True
2026-08-14 00:32:55,wood,monitor,C:/cira_batch_test/wood/good_13.png,good_13.png,normal,False,0.025392871350049973,0.025392871350049973,0.04761728488056512,0.04761728488056512,0.04497043639421463,False,False,16000,False,,False,0.0,cpu,patch_nearest_normal,last2,14,0.05,False,,,6.961160397622734e-05,0.002,True,True
2026-08-14 00:32:56,wood,monitor,C:/cira_batch_test/wood/good_14.png,good_14.png,normal,False,0.0328269824385643,0.0328269824385643,0.04761728488056512,0.04761728488056512,0.04497043639421463,False,False,16000,False,,False,0.0,cpu,patch_nearest_normal,last2,14,0.05,False,,,6.848965858807787e-05,0.002,True,True
2026-08-14 00:32:58,wood,monitor,C:/cira_batch_test/wood/good_15.png,good_15.png,normal,False,0.027416575700044632,0.027416575700044632,0.04761728488056512,0.04761728488056512,0.04497043639421463,False,False,16000,False,,False,0.0,cpu,patch_nearest_normal,last2,14,0.05,False,,,8.46232651383616e-05,0.002,True,True
2026-08-14 00:32:59,wood,monitor,C:/cira_batch_test/wood/good_16.png,good_16.png,normal,False,0.03385103866457939,0.03385103866457939,0.04761728488056512,0.04761728488056512,0.04497043639421463,False,False,16000,False,,False,0.0,cpu,patch_nearest_normal,last2,14,0.05,False,,,9.400090493727475e-05,0.002,True,True
2026-08-14 00:33:01,wood,monitor,C:/cira_batch_test/wood/good_17.png,good_17.png,normal,False,0.036508988589048386,0.036508988589048386,0.04761728488056512,0.04761728488056512,0.04497043639421463,False,False,16000,False,,False,0.0,cpu,patch_nearest_normal,last2,14,0.05,False,,,0.00011296225420664996,0.002,True,True
2026-08-14 00:33:02,wood,monitor,C:/cira_batch_test/wood/good_18.png,good_18.png,normal,False,0.035292863845825195,0.035292863845825195,0.04761728488056512,0.04761728488056512,0.04497043639421463,False,False,16000,False,,False,0.0,cpu,patch_nearest_normal,last2,14,0.05,False,,,6.927620415808633e-05,0.002,True,True
2026-08-14 00:33:04,wood,monitor,C:/cira_batch_test/wood/good_19.png,good_19.png,normal,False,0.047152988612651825,0.047152988612651825,0.04761728488056512,0.04761728488056512,0.04497043639421463,False,False,16000,False,,False,0.0,cpu,patch_nearest_normal,last2,14,0.05,False,,,8.229620289057493e-05,0.002,False,True
2026-08-14 00:33:05,wood,monitor,C:/cira_batch_test/wood/good_2.png,good_2.png,normal,False,0.01845615543425083,0.01845615543425083,0.04761728488056512,0.04761728488056512,0.04497043639421463,False,False,16000,False,,False,0.0,cpu,patch_nearest_normal,last2,14,0.05,False,,,6.722523539792746e-05,0.002,True,True
2026-08-14 00:33:07,wood,monitor,C:/cira_batch_test/wood/good_20.png,good_20.png,normal,False,0.026926333084702492,0.026926333084702492,0.04761728488056512,0.04761728488056512,0.04497043639421463,False,False,16000,False,,False,0.0,cpu,patch_nearest_normal,last2,14,0.05,False,,,6.382790888892487e-05,0.002,True,True
2026-08-14 00:33:08,wood,monitor,C:/cira_batch_test/wood/good_3.png,good_3.png,normal,False,0.02961716614663601,0.02961716614663601,0.04761728488056512,0.04761728488056512,0.04497043639421463,False,False,16000,False,,False,0.0,cpu,patch_nearest_normal,last2,14,0.05,False,,,0.00010748601926025003,0.002,True,True
2026-08-14 00:33:10,wood,monitor,C:/cira_batch_test/wood/good_4.png,good_4.png,normal,False,0.04485556483268738,0.04485556483268738,0.04761728488056512,0.04761728488056512,0.04497043639421463,False,False,16000,False,,False,0.0,cpu,patch_nearest_normal,last2,14,0.05,False,,,0.00010593031765893102,0.002,True,True
2026-08-14 00:33:11,wood,monitor,C:/cira_batch_test/wood/good_5.png,good_5.png,normal,False,0.03352682664990425,0.03352682664990425,0.04761728488056512,0.04761728488056512,0.04497043639421463,False,False,16000,False,,False,0.0,cpu,patch_nearest_normal,last2,14,0.05,False,,,9.778993262443691e-05,0.002,True,True
2026-08-14 00:33:13,wood,monitor,C:/cira_batch_test/wood/good_6.png,good_6.png,normal,False,0.0302412211894989,0.0302412211894989,0.04761728488056512,0.04761728488056512,0.04497043639421463,False,False,16000,False,,False,0.0,cpu,patch_nearest_normal,last2,14,0.05,False,,,9.820122068049386e-05,0.002,True,True
2026-08-14 00:33:14,wood,monitor,C:/cira_batch_test/wood/good_7.png,good_7.png,normal,False,0.02307162806391716,0.02307162806391716,0.04761728488056512,0.04761728488056512,0.04497043639421463,False,False,16000,False,,False,0.0,cpu,patch_nearest_normal,last2,14,0.05,False,,,9.640209464123473e-05,0.002,True,True
2026-08-14 00:33:16,wood,monitor,C:/cira_batch_test/wood/good_8.png,good_8.png,normal,False,0.027274345979094505,0.027274345979094505,0.04761728488056512,0.04761728488056512,0.04497043639421463,False,False,16000,False,,False,0.0,cpu,patch_nearest_normal,last2,14,0.05,False,,,9.084877819987014e-05,0.002,True,True
2026-08-14 00:33:18,wood,monitor,C:/cira_batch_test/wood/good_9.png,good_9.png,normal,False,0.028294574469327927,0.028294574469327927,0.04761728488056512,0.04761728488056512,0.04497043639421463,False,False,16000,False,,False,0.0,cpu,patch_nearest_normal,last2,14,0.05,False,,,8.237813017331064e-05,0.002,True,True
2026-08-14 00:33:20,zipper,monitor,C:/cira_batch_test/zipper/good_1.png,good_1.png,normal,False,0.018510788679122925,0.018510788679122925,0.026937176036772252,0.026937176036772252,0.026296453922986983,False,False,16000,False,,False,0.0,cpu,patch_nearest_normal,last2,14,0.05,False,,,0.00010866107186302543,0.002,True,True
2026-08-14 00:33:21,zipper,monitor,C:/cira_batch_test/zipper/good_10.png,good_10.png,normal,False,0.017906898632645607,0.017906898632645607,0.026937176036772252,0.026937176036772252,0.026296453922986983,False,False,16000,False,,False,0.0,cpu,patch_nearest_normal,last2,14,0.05,False,,,0.00011937744420720264,0.002,True,True
2026-08-14 00:33:23,zipper,monitor,C:/cira_batch_test/zipper/good_11.png,good_11.png,normal,False,0.019564026966691017,0.019564026966691017,0.026937176036772252,0.026937176036772252,0.026296453922986983,False,False,16000,False,,False,0.0,cpu,patch_nearest_normal,last2,14,0.05,False,,,0.00010531995940255001,0.002,True,True
2026-08-14 00:33:24,zipper,monitor,C:/cira_batch_test/zipper/good_12.png,good_12.png,normal,False,0.0185854434967041,0.0185854434967041,0.026937176036772252,0.026937176036772252,0.026296453922986983,False,False,16000,False,,False,0.0,cpu,patch_nearest_normal,last2,14,0.05,False,,,0.00011357497714925557,0.002,True,True
2026-08-14 00:33:26,zipper,monitor,C:/cira_batch_test/zipper/good_13.png,good_13.png,normal,False,0.023862803354859352,0.023862803354859352,0.026937176036772252,0.026937176036772252,0.026296453922986983,False,False,16000,False,,False,0.0,cpu,patch_nearest_normal,last2,14,0.05,False,,,0.00010805590136442333,0.002,True,True
2026-08-14 00:33:27,zipper,monitor,C:/cira_batch_test/zipper/good_14.png,good_14.png,normal,False,0.02664242312312126,0.02664242312312126,0.026937176036772252,0.026937176036772252,0.026296453922986983,False,False,16000,False,,False,0.0,cpu,patch_nearest_normal,last2,14,0.05,False,,,0.0001140419117291458,0.002,False,True
2026-08-14 00:33:29,zipper,monitor,C:/cira_batch_test/zipper/good_15.png,good_15.png,normal,False,0.023371821269392967,0.023371821269392967,0.026937176036772252,0.026937176036772252,0.026296453922986983,False,False,16000,False,,False,0.0,cpu,patch_nearest_normal,last2,14,0.05,False,,,0.00011438631190685555,0.002,True,True
2026-08-14 00:33:30,zipper,monitor,C:/cira_batch_test/zipper/good_16.png,good_16.png,normal,False,0.019383084028959274,0.019383084028959274,0.026937176036772252,0.026937176036772252,0.026296453922986983,False,False,16000,False,,False,0.0,cpu,patch_nearest_normal,last2,14,0.05,False,,,0.00010489254054846242,0.002,True,True
2026-08-14 00:33:32,zipper,monitor,C:/cira_batch_test/zipper/good_17.png,good_17.png,normal,False,0.023100411519408226,0.023100411519408226,0.026937176036772252,0.026937176036772252,0.026296453922986983,False,False,16000,False,,False,0.0,cpu,patch_nearest_normal,last2,14,0.05,False,,,0.00011065379658248276,0.002,True,True
2026-08-14 00:33:33,zipper,monitor,C:/cira_batch_test/zipper/good_18.png,good_18.png,normal,False,0.022104620933532715,0.022104620933532715,0.026937176036772252,0.026937176036772252,0.026296453922986983,False,False,16000,False,,False,0.0,cpu,patch_nearest_normal,last2,14,0.05,False,,,0.00011557545803952962,0.002,True,True
2026-08-14 00:33:35,zipper,monitor,C:/cira_batch_test/zipper/good_19.png,good_19.png,normal,False,0.017744505777955055,0.017744505777955055,0.026937176036772252,0.026937176036772252,0.026296453922986983,False,False,16000,False,,False,0.0,cpu,patch_nearest_normal,last2,14,0.05,False,,,0.0001170716859633103,0.002,True,True
2026-08-14 00:33:36,zipper,monitor,C:/cira_batch_test/zipper/good_2.png,good_2.png,normal,False,0.015554100275039673,0.015554100275039673,0.026937176036772252,0.026937176036772252,0.026296453922986983,False,False,16000,False,,False,0.0,cpu,patch_nearest_normal,last2,14,0.05,False,,,0.00011396993795642629,0.002,True,True
2026-08-14 00:33:38,zipper,monitor,C:/cira_batch_test/zipper/good_20.png,good_20.png,normal,False,0.01860213838517666,0.01860213838517666,0.026937176036772252,0.026937176036772252,0.026296453922986983,False,False,16000,False,,False,0.0,cpu,patch_nearest_normal,last2,14,0.05,False,,,0.00010354765254305676,0.002,True,True
2026-08-14 00:33:39,zipper,monitor,C:/cira_batch_test/zipper/good_3.png,good_3.png,normal,False,0.025204747915267944,0.025204747915267944,0.026937176036772252,0.026937176036772252,0.026296453922986983,False,False,16000,False,,False,0.0,cpu,patch_nearest_normal,last2,14,0.05,False,,,0.00011424226977396756,0.002,True,True
2026-08-14 00:33:40,zipper,monitor,C:/cira_batch_test/zipper/good_4.png,good_4.png,normal,False,0.019637655466794968,0.019637655466794968,0.026937176036772252,0.026937176036772252,0.026296453922986983,False,False,16000,False,,False,0.0,cpu,patch_nearest_normal,last2,14,0.05,False,,,0.00011873929179273546,0.002,True,True
2026-08-14 00:33:42,zipper,monitor,C:/cira_batch_test/zipper/good_5.png,good_5.png,normal,False,0.01871086284518242,0.01871086284518242,0.026937176036772252,0.026937176036772252,0.026296453922986983,False,False,16000,False,,False,0.0,cpu,patch_nearest_normal,last2,14,0.05,False,,,0.0001074258834705688,0.002,True,True
2026-08-14 00:33:43,zipper,monitor,C:/cira_batch_test/zipper/good_6.png,good_6.png,normal,False,0.026275169104337692,0.026275169104337692,0.026937176036772252,0.026937176036772252,0.026296453922986983,False,False,16000,False,,False,0.0,cpu,patch_nearest_normal,last2,14,0.05,False,,,0.0001326698693446815,0.002,True,True
2026-08-14 00:33:45,zipper,monitor,C:/cira_batch_test/zipper/good_7.png,good_7.png,normal,False,0.018300479277968407,0.018300479277968407,0.026937176036772252,0.026937176036772252,0.026296453922986983,False,False,16000,False,,False,0.0,cpu,patch_nearest_normal,last2,14,0.05,False,,,0.00011561875726329163,0.002,True,True
2026-08-14 00:33:46,zipper,monitor,C:/cira_batch_test/zipper/good_8.png,good_8.png,normal,False,0.018577367067337036,0.018577367067337036,0.026937176036772252,0.026937176036772252,0.026296453922986983,False,False,16000,False,,False,0.0,cpu,patch_nearest_normal,last2,14,0.05,False,,,0.00011453541810624301,0.002,True,True
2026-08-14 00:33:48,zipper,monitor,C:/cira_batch_test/zipper/good_9.png,good_9.png,normal,False,0.026278257369995117,0.026278257369995117,0.026937176036772252,0.026937176036772252,0.026296453922986983,False,False,16000,False,,False,0.0,cpu,patch_nearest_normal,last2,14,0.05,False,,,0.00011179527791682631,0.002,True,True
